[
  {
    "type": "trait_group",
    "id": "Appearance_Chairman",
    "subtype": "collection",
    "traits": [ { "trait": "hair_black_medium", "prob": 100 }, { "trait": "SKIN_LIGHT", "prob": 100 } ]
  },
  {
    "type": "item_group",
    "id": "NC_Chairman_weapon",
    "subtype": "distribution",
    "entries": [ { "item": "camp_chair_zhigh" } ]
  },
  {
    "type": "item_group",
    "id": "NC_Chairman_worn",
    "subtype": "collection",
    "entries": [
      { "item": "dress_shirt_zhigh" },
      { "item": "tie_necktie_zhigh" },
      { "item": "blazer_zhigh" },
      { "item": "socks" },
      { "item": "sneakers" },
      { "item": "wristwatch", "prob": 80 }
    ]
  },
  {
    "type": "item_group",
    "id": "NC_Chairman_carry",
    "subtype": "collection",
    "entries": [
      { "item": "pencil", "count": [ 1, 2 ] },
      { "item": "ID_1st" },
      { "item": "zhigh_smart_phone" }
    ]
  },
  {
    "type": "npc_class",
    "id": "NC_Chairman",
    "name": { "str": "Chairman" },
    "job_description": "I smash others with a chair.",
    "traits": [
      { "group": "BG_survival_story_RURAL" },
      { "group": "NPC_starting_traits" },
      { "group": "Appearance_Chairman" },
      [ "GOODCARDIO2", 100 ],
      [ "REGEN", 100 ]
    ],
    "common": false,
    "worn_override": "NC_Chairman_worn",
    "carry_override": "NC_Chairman_carry",
    "weapon_override": "NC_Chairman_weapon",
    "bonus_str": { "rng": [ 0, 1 ] },
    "bonus_int": { "rng": [ 0, 2 ] },
    "bonus_per": { "rng": [ 0, 2 ] },
    "skills": [
      { "skill": "ALL", "level": { "mul": [ { "one_in": 3 }, { "sum": [ { "dice": [ 2, 2 ] }, { "rng": [ 0, -4 ] } ] } ] } },
      { "skill": "dodge", "bonus": { "rng": [ 1, 3 ] } },
      { "skill": "melee", "bonus": { "rng": [ 2, 4 ] } },
      { "skill": "unarmed", "bonus": { "rng": [ 1, 3 ] } }
    ]
  },
  {
    "type": "npc",
    "id": "CHAIRMAN",
    "name_unique": "Dong Jin Nam",
    "gender": "male",
    "class": "NC_Chairman",
    "attitude": 0,
    "mission": 8,
    "chat": "TALK_CHAIRMAN",
    "mission_offered": "MISSION_SCHOOL_GET_COLA",
    "faction": "Zhigh_Survivors"
  },
  {
    "type": "talk_topic",
    "id": "TALK_CHAIRMAN",
    "dynamic_line": { "u_is_wearing": "armband_zhigh_halmon", "yes": "Hello monitor.", "no": "Hello there." },
    "responses": [
      { "text": "What is this place?", "topic": "TALK_CHAIRMAN_PLACE" },
      { "text": "Can I join you guys?", "topic": "TALK_CHAIRMAN_JOIN" },
      { "text": "Anything I can do for you?", "topic": "TALK_CHAIRMAN_JOB" },
      { "text": "See you later.", "topic": "TALK_CHAIRMAN_BYE" }
    ]
  },
  {
    "type": "talk_topic",
    "id": "TALK_CHAIRMAN_PLACE",
    "dynamic_line": "This is a school that we've made into a sort of a safehouse from this whole... disaster.",
    "responses": [
      { "text": "So are you with the school or something?", "topic": "TALK_CHAIRMAN_GOVERNMENT" },
      { "text": "What do you trade?", "topic": "TALK_CHAIRMAN_TRADE" }
    ]
  },
  {
    "type": "talk_topic",
    "id": "TALK_CHAIRMAN_GOVERNMENT",
    "dynamic_line": "Yeah. There is School hall monitor somewhere around here if you have any questions relating to what the school, or at least the ones who is left, is up to.",
    "responses": [
      { "text": "Oh, okay.", "topic": "TALK_CHAIRMAN" },
      { "text": "Oh, okay.  I'll go look for him", "topic": "TALK_DONE" }
    ]
  },
  {
    "type": "talk_topic",
    "id": "TALK_CHAIRMAN_TRADE",
    "dynamic_line": "Anything valuable really.  If you really want to know, go ask one of the actual traders.  I'm just protecting other survivors.",
    "responses": [
      { "text": "I'll go talk to them later.", "topic": "TALK_CHAIRMAN" },
      { "text": "Will do, thanks!", "topic": "TALK_DONE" }
    ]
  },
  {
    "type": "talk_topic",
    "id": "TALK_CHAIRMAN_JOIN",
    "dynamic_line": "Will not be easy, but possible.",
    "responses": [ { "text": "Okay...?", "topic": "TALK_CHAIRMAN_JOIN2" } ]
  },
  {
    "type": "talk_topic",
    "id": "TALK_CHAIRMAN_JOIN2",
    "dynamic_line": "Sorry, pal. Some things cannot be done.",
    "responses": [
      { "text": "So no negotiating?  No, 'If you do this quest then we'll let you in?'", "topic": "TALK_CHAIRMAN_JOIN3" }
    ]
  },
  {
    "type": "talk_topic",
    "id": "TALK_CHAIRMAN_JOIN3",
    "dynamic_line": "Hmm... There should be a way for that.",
    "responses": [
      { "text": "Well, what is it?", "topic": "TALK_CHAIRMAN_JOB" },
      { "text": "Nah, I ain't gonna do that.", "topic": "TALK_CHAIRMAN" }
    ]
  },
  {
    "type": "talk_topic",
    "id": "TALK_CHAIRMAN_JOB",
    "dynamic_line": "Depends on what you want.  Go talk to a so-called merchant if you have anything to sell.  Otherwise the School hall monitor liaison might have something, if you can find him.  But if you're just looking for someone to put a good word in, I might have something for you.",
    "responses": [
      { "text": "Alright then.", "topic": "TALK_CHAIRMAN" },
      { "text": "A good word might be helpful.  What do you need?", "topic": "TALK_MISSION_LIST" },
      { "text": "School hall monitor huh, I'll go talk to him!", "topic": "TALK_DONE" },
      { "text": "Who are the School hall monitor?", "topic": "TALK_CHAIRMAN_SCHOOLMONIT" }
    ]
  },
  {
    "type": "talk_topic",
    "id": "TALK_CHAIRMAN_SCHOOLMONIT",
    "dynamic_line": "They are the police type of guys for school. Well, they were, before the whole world ended.",
    "responses": [
      { "text": "Whatever, I had another question.", "topic": "TALK_CHAIRMAN" },
      { "text": "Okay, I'll go look for him then. Thanks!", "topic": "TALK_DONE" }
    ]
  },
  {
    "type": "talk_topic",
    "id": "TALK_CHAIRMAN_BYE",
    "dynamic_line": "Stay safe out there.  Hate to have to kill you after you've already died.",
    "responses": [ { "text": "Yeah, I won't.", "topic": "TALK_DONE" } ]
  },
  {
    "id": "MISSION_SCHOOL_GET_COLA",
    "type": "mission_definition",
    "name": { "str": "Colaaaaa!" },
    "description": "Make a friend at the school by handing over around five cans of cola.",
    "goal": "MGOAL_FIND_ITEM",
    "difficulty": 1,
    "value": 1000,
    "item": "cola",
    "count": 5,
    "origins": [ "ORIGIN_SECONDARY" ],
    "followup": "MISSION_SCHOOL_GET_COLA",
    "dialogue": {
      "describe": "Come on man, I just need a can of cola.",
      "offer": "With all that's been going on, it's been more and more difficult to find some cola.  My stash has been running low for a while now.  Think you could help me out here?  A few cans are all I need.",
      "accepted": "Thanks, it's great to see someone willing to help a guy out.",
      "rejected": "Well, I'll find someone else to do it for me.",
      "advice": "Plenty of fridges in towns.  Gotta be some left overs in some of them houses.",
      "inquire": "Got the drinks?",
      "success": "Thanks!  I'll be sure to put in a good word for you around the center.",
      "success_lie": "OK, then hand it over.",
      "failure": "Shit happens."
    }
  }
]