[
  {
    "type": "npc",
    "id": "zhighNurse",
    "name_unique": "Ha Na Lee",
    "gender": "female",
    "name_suffix": "School Nurse",
    "class": "NC_ZHIGHNURSE",
    "attitude": 0,
    "mission": 3,
    "chat": "TALK_PCZHIGHNURSE",
    "faction": "Zhigh_Survivors"
  },
  {
    "type": "item_group",
    "id": "NC_ZhighNurse_worn",
    "subtype": "collection",
    "entries": [
      { "item": "dress" },
      { "item": "coat_lab" },
      { "item": "stockings" },
      { "item": "duffelbag" },
      { "item": "heels" }
    ]
  },
  {
    "type": "trait_group",
    "id": "Appearance_ZhighNurse",
    "subtype": "collection",
    "traits": [ { "trait": "hair_nurse" }, { "trait": "eye_mint" }, { "trait": "SKIN_LIGHT" } ]
  },
  {
    "type": "npc_class",
    "id": "NC_ZHIGHNURSE",
    "name": { "str": "School Nurse" },
    "job_description": "I'm the school nurse.",
    "traits": [ { "group": "NPC_starting_traits" }, { "group": "Appearance_ZhighNurse" } ],
    "common": false,
    "bonus_str": { "rng": [ -3, 1 ] },
    "bonus_int": { "rng": [ 2, 4 ] },
    "bonus_per": { "rng": [ 0, 1 ] },
    "shopkeeper_item_group": "PCZHIGHNURSE_misc",
    "carry_override": "PCZHIGHNURSE_misc",
    "worn_override": "NC_ZhighNurse_worn",
    "skills": [
      { "skill": "computer", "bonus": { "rng": [ 1, 5 ] } },
      { "skill": "firstaid", "bonus": { "rng": [ 2, 4 ] } },
      { "skill": "speech", "bonus": { "rng": [ 3, 6 ] } },
      { "skill": "barter", "bonus": { "rng": [ 3, 5 ] } }
    ]
  },
  {
    "type": "item_group",
    "subtype": "collection",
    "id": "PCZHIGHNURSE_misc",
    "items": [
      { "item": "stimrx11", "count-min": 10, "count-max": 25, "prob": 100 },
      { "item": "stimrx12", "count-min": 10, "count-max": 25, "prob": 100 },
      { "item": "stimmorphine", "count-min": 10, "count-max": 25, "prob": 100 },
      { "item": "stimquikclot", "count-min": 10, "count-max": 25, "prob": 100 },
      { "item": "stimpropital", "count-min": 10, "count-max": 25, "prob": 100 },
      { "item": "stimzagustin", "count-min": 10, "count-max": 25, "prob": 100 },
      { "item": "stimantivenom", "count-min": 10, "count-max": 25, "prob": 100 },
      { "item": "stimInv", "count-min": 10, "count-max": 25, "prob": 100 },
      { "item": "stimL1", "count-min": 10, "count-max": 25, "prob": 100 },
      { "item": "stimTrimadol", "count-min": 10, "count-max": 25, "prob": 100 },
      { "item": "stimperfotoran", "count-min": 10, "count-max": 25, "prob": 100 },
      { "item": "stimPNB", "count-min": 10, "count-max": 25, "prob": 100 },
      { "item": "stimP22", "count-min": 10, "count-max": 25, "prob": 100 },
      { "item": "stimMeldonin", "count-min": 10, "count-max": 25, "prob": 100 },
      { "item": "stimSJ1", "count-min": 10, "count-max": 25, "prob": 100 },
      { "item": "stimSJ6", "count-min": 10, "count-max": 25, "prob": 100 },
      { "item": "stim3BTG", "count-min": 10, "count-max": 25, "prob": 100 },
      { "item": "stimUdR513", "count-min": 10, "count-max": 25, "prob": 100 },
      { "item": "medikitRecharge", "count-min": 1, "count-max": 2, "prob": 10 },
      { "item": "medikit1", "count-min": 20, "count-max": 50, "prob": 100 },
      { "item": "medikit2", "count-min": 10, "count-max": 25, "prob": 75 },
      { "item": "medikit3", "count-min": 2, "count-max": 5, "prob": 50 },
      { "item": "1st_aid", "count-min": 30, "count-max": 50, "prob": 100 },
      { "item": "bfipowder", "count-min": 30, "count-max": 50, "prob": 100 },
      { "item": "quikclot", "count-min": 30, "count-max": 50, "prob": 100 }
    ]
  },
  {
    "id": "TALK_PCZHIGHNURSE",
    "type": "talk_topic",
    "dynamic_line": {
      "u_is_wearing": "armband_zhigh_halmon",
      "yes": [
        "Still plenty of bandits in the roads, perhaps you should tend to your job, school hall monitor... But you need to be prepared first.",
        "You see anything you want, school hall monitor?",
        "Oh, a school hall monitor, how cute."
      ],
      "no": [ "Welcome...", "Hey kid!", "Here to trade, I hope?", "Safe travels, kiddo." ]
    },
    "responses": [
      { "text": "Let's trade.", "effect": "start_trade", "topic": "TALK_PCZHIGHNURSE" },
      { "text": "What are you doing here?", "topic": "TALK_PCZHIGHNURSE_DOING" },
      { "text": "Well, bye.", "topic": "TALK_DONE" }
    ]
  },
  {
    "id": "TALK_PCZHIGHNURSE_DOING",
    "type": "talk_topic",
    "dynamic_line": {
      "u_is_wearing": "armband_zhigh_halmon",
      "yes": "I keep to my own business, and you keep to yours, school hall monitor.  Seems like a fair deal? And do not ask about where did these chems from, I've got my own ways.",
      "no": "We have been supplying this nurse's office here with food from cities and homes nearby. The roads are though and dangerous, but there is no other way. And do not ask about where did these chems from, I've got my own ways."
    },
    "responses": [ { "text": "Keep safe, teach.", "topic": "TALK_PCZHIGHNURSE" } ]
  }
]