[
  {
    "type": "item_group",
    "id": "ZhighNpc_underwear_bottom_male",
    "subtype": "collection",
    "groups": [ [ "male_underwear_bottom", 95 ] ]
  },
  {
    "type": "item_group",
    "id": "ZhighNpc_underwear_bottom_female",
    "subtype": "collection",
    "groups": [ [ "female_underwear_bottom", 95 ] ]
  },
  {
    "type": "item_group",
    "id": "ZhighNpc_underwear_top_male",
    "subtype": "collection",
    "groups": [ [ "male_underwear_top", 50 ] ]
  },
  {
    "type": "item_group",
    "id": "ZhighNpc_underwear_top_female",
    "subtype": "collection",
    "groups": [ [ "female_underwear_top", 95 ] ]
  },
  {
    "type": "item_group",
    "id": "ZhighNpc_underwear_feet_male",
    "items": [ 
      [ "socks", 80 ], 
      [ "socks_ankle", 60 ], 
      [ "socks_bowling", 15 ],
      [ "socks_wool", 20 ]
     ]
  },
  {
    "type": "item_group",
    "id": "ZhighNpc_underwear_feet_female",
    "items": [
      [ "socks", 50 ],
      [ "socks_ankle", 30 ],
      [ "socks_wool", 10 ],
      [ "stockings", 15 ],
      [ "socks_bowling", 15 ],
      [ "tights", 20 ]
    ]
  },
  {
    "type": "item_group",
    "id": "ZhighNpc_suit_pants_male",
    "items": [
      [ "pants_zhigh", 100 ]
    ]
  },
  {
    "type": "item_group",
    "id": "ZhighNpc_suit_pants_female",
    "items": [
      [ "pants_zhigh", 20 ],
      [ "skirt_zhigh", 90 ]
    ]
  },
  {
    "type": "item_group",
    "id": "ZhighNpc_workout_pants_male",
    "items": [
      [ "pants_zhigh", 100 ]
    ]
  },
  {
    "type": "item_group",
    "id": "ZhighNpc_workout_pants_female",
    "items": [
      [ "shorts_tracksuit_zhigh", 60 ],
      [ "pants_tracksuit_zhigh", 40 ]
    ]
  },
  {
    "type": "item_group",
    "id": "ZhighNpc_shirt_male",
    "items": [
      [ "dress_shirt_zhigh", 100 ]
    ]
  },
  {
    "type": "item_group",
    "id": "ZhighNpc_shirt_female",
    "items": [
      [ "dress_shirt_zhigh", 100 ]
    ]
  },
  {
    "type": "item_group",
    "id": "ZhighNpc_gloves",
    "items": [
      [ "null", 60 ],
      [ "gloves_leather", 20 ],
      [ "gloves_fingerless", 10 ],
      [ "gloves_light_fingerless", 5 ],
      [ "gloves_wool_fingerless", 5 ],
      [ "fire_gauntlets", 20 ],
      [ "gloves_work", 10 ],
      [ "gloves_fingerless_mod", 5 ],
      [ "gloves_medical", 10 ],
      [ "gloves_winter", 5 ],
      [ "gloves_wool", 20 ],
      [ "gloves_light", 20 ],
      [ "gloves_tactical", 5 ]
    ]
  },
  {
    "type": "item_group",
    "id": "ZhighNpc_coat",
    "items": [
      [ "null", 20 ],
      [ "blazer_zhigh", 95 ],
      [ "jacket_baseball", 35 ]
    ]
  },
  {
    "type": "item_group",
    "id": "ZhighNpc_shoes_male",
    "items": [
      [ "mocassins", 10 ],
      [ "roller_shoes_off", 10 ],
      [ "shoes_bowling", 20 ],
      [ "golf_shoes", 10 ],
      [ "dress_shoes", 80 ],
      [ "sneakers", 80 ],
      [ "lowtops", 40 ]
    ]
  },
  {
    "type": "item_group",
    "id": "ZhighNpc_shoes_female",
    "items": [
      [ "mocassins", 10 ],
      [ "roller_shoes_off", 10 ],
      [ "shoes_bowling", 20 ],
      [ "golf_shoes", 20 ],
      [ "dress_shoes", 80 ],
      [ "sneakers", 80 ],
      [ "lowtops", 40 ]
    ]
  },
  {
    "type": "item_group",
    "id": "ZhighNpc_masks",
    "items": [
      [ "null", 80 ],
      [ "mask_dust", 10 ],
      [ "bandana", 10 ],
      [ "mask_filter", 10 ],
      [ "mask_gas", 5 ],
      [ "mask_bunker", 5 ]
    ]
  },
  {
    "type": "item_group",
    "id": "ZhighNpc_scarf",
    "items": [ [ "null", 20 ], [ "knit_scarf", 30 ], [ "long_knit_scarf", 15 ], [ "scarf", 30 ], [ "scarf_long", 15 ] ]
  },
  {
    "type": "item_group",
    "id": "ZhighNpc_eyes",
    "items": [ [ "null", 80 ], [ "glasses_safety", 20 ], [ "sunglasses", 20 ], [ "fancy_sunglasses", 10 ] ]
  },
  {
    "type": "item_group",
    "id": "ZhighNpc_hat",
    "items": [
      [ "null", 20 ],
      [ "hat_ball", 20 ],
      [ "hat_hard", 5 ],
      [ "hat_boonie", 5 ],
      [ "hat_cotton", 20 ],
      [ "hat_fur", 5 ],
      [ "hat_knit", 20 ],
      [ "hat_newsboy", 10 ],
      [ "cowboy_hat", 10 ],
      [ "hat_sombrero", 5 ],
      [ "10gal_hat", 5 ],
      [ "straw_hat", 5 ],
      [ "hat_hunting", 10 ],
      [ "hat_hard_hooded", 5 ],
      [ "helmet_bike", 10 ],
      [ "helmet_riot", 5 ],
      [ "helmet_motor", 5 ],
      [ "helmet_skid", 5 ],
      [ "helmet_ball", 5 ],
      [ "helmet_football", 5 ],
      [ "pot_helmet", 10 ],
      [ "firehelmet", 5 ],
      [ "helmet_army", 5 ]
    ]
  },
  {
    "type": "item_group",
    "id": "ZhighNpc_extra",
    "items": [
      [ "null", 10 ],
      [ "bead_ear", 5 ],
      [ "bead_necklace", 5 ],
      [ "bead_bracelet", 5 ],
      [ "tie_bow_zhigh", 100 ],
      [ "tie_necktie_zhigh", 100 ],
      [ "gold_ring", 20 ],
      [ "diamond_ring", 2 ],
      [ "copper_bracelet", 10 ],
      [ "gold_bracelet", 10 ],
      [ "silver_bracelet", 10 ],
      [ "silver_necklace", 5 ],
      [ "silver_locket", 5 ]
    ]
  },
  {
    "type": "item_group",
    "id": "ZhighNpc_wrist",
    "items": [
      [ "null", 20 ],
      [ "diving_watch", 10 ],
      [ "game_watch", 5 ],
      [ "gold_watch", 5 ],
      [ "wristwatch", 20 ],
      [ "sf_watch", 5 ]
    ]
  },
  {
    "type": "item_group",
    "id": "ZhighNpc_storage",
    "items": [
      [ "null", 10 ],
      [ "backpack", 20 ],
      [ "backpack_leather", 20 ],
      [ "rucksack", 5 ],
      [ "mbag", 20 ],
      [ "runner_bag", 5 ],
      [ "duffelbag", 5 ],
      [ "dive_bag", 5 ],
      [ "slingpack", 10 ],
      [ "molle_pack", 5 ]
    ]
  },
  {
    "type": "item_group",
    "id": "ZhighNpc_belt",
    "items": [ [ "null", 20 ], [ "leather_belt", 50 ], [ "tool_belt", 10 ] ]
  },
  {
    "type": "item_group",
    "id": "ZhighNpc_holster",
    "items": [ [ "null", 50 ], [ "sholster", 10 ], [ "sheath", 10 ] ]
  },
  {
    "type": "item_group",
    "id": "ZhighNpc_stabbing",
    "items": [ { "group": "survivor_knife", "prob": 20 }, { "group": "survivor_stabbing", "prob": 80 } ]
  },
  {
    "type": "item_group",
    "id": "ZhighNpc_throw",
    "items": [ [ "throwing_knife", 7 ], [ "throwing_axe", 4 ] ]
  },
  {
    "type": "item_group",
    "id": "ZhighNpc_archery",
    "items": [ [ "crossbow", 50 ] ]
  },
  {
    "type": "item_group",
    "id": "ZhighNpc_misc",
    "ammo": 75,
    "magazine": 50,
    "items": [
      [ "zhigh_smart_phone", 95 ],
      [ "yoghurt", 2 ],
      [ "zucchini", 3 ]
    ]
  }
]
