[
  {
    "type": "start_location",
    "id": "sloc_ZhighSchool",
    "name": "high school",
    "terrain": [
        "ZhighSchool_2_3", "ZhighSchool_2_2", "ZhighSchool_2_1",
        "ZhighSchool_2_6", "ZhighSchool_2_5", "ZhighSchool_2_4",
        "ZhighSchool_2_9", "ZhighSchool_2_8", "ZhighSchool_2_7"
        ]
  },
  {
    "type": "overmap_terrain",
    "id": [ "ZhighSchool_1_1", "ZhighSchool_1_3", "ZhighSchool_1_4", "ZhighSchool_1_5", "ZhighSchool_1_6", "ZhighSchool_1_7", "ZhighSchool_1_8", "ZhighSchool_1_9" ],
    "name": "high school",
    "sym": "s",
    "color": "light_blue",
    "see_cost": 5,
    "mondensity": 0,
    "flags": [ "SIDEWALK", "SOURCE_PEOPLE", "SOURCE_BOOKS", "SOURCE_SAFETY", "RISK_LOW" ]
  },
  {
    "type": "overmap_terrain",
    "id": "ZhighSchool_1_2",
    "name": "high school",
    "sym": "H",
    "color": "light_blue",
    "see_cost": 5,
    "mondensity": 0,
    "flags": [ "SIDEWALK", "SOURCE_PEOPLE", "SOURCE_BOOKS", "SOURCE_SAFETY", "RISK_LOW" ]
  },
  {
    "type": "overmap_terrain",
    "id": [
      "ZhighSchool_2_1",
      "ZhighSchool_2_2",
      "ZhighSchool_2_3",
      "ZhighSchool_2_4",
      "ZhighSchool_2_5",
      "ZhighSchool_2_6",
      "ZhighSchool_2_7",
      "ZhighSchool_2_8",
      "ZhighSchool_2_9",
      "ZhighSchool_3_1",
      "ZhighSchool_3_2",
      "ZhighSchool_3_3",
      "ZhighSchool_3_4",
      "ZhighSchool_3_5",
      "ZhighSchool_3_6",
      "ZhighSchool_3_7",
      "ZhighSchool_3_8",
      "ZhighSchool_3_9",
      "ZhighSchool_4_1",
      "ZhighSchool_4_2",
      "ZhighSchool_4_3",
      "ZhighSchool_4_4",
      "ZhighSchool_4_5",
      "ZhighSchool_4_6",
      "ZhighSchool_4_7",
      "ZhighSchool_4_8",
      "ZhighSchool_4_9"
    ],
    "name": "high school",
    "sym": "s",
    "color": "light_blue",
    "see_cost": 5,
    "mondensity": 0,
    "flags": [ "SOURCE_BOOKS", "SOURCE_SAFETY", "RISK_LOW", "SOURCE_PEOPLE" ]
  },
  {
    "type": "overmap_special",
    "id": "ZhighSchool",
    "locations": [ "land" ],
    "overmaps": [
      { "point": [ 0, 0, 0 ], "overmap": "ZhighSchool_1_3_north" },
      { "point": [ 1, 0, 0 ], "overmap": "ZhighSchool_1_2_north" },
      { "point": [ 2, 0, 0 ], "overmap": "ZhighSchool_1_1_north" },
      { "point": [ 0, 1, 0 ], "overmap": "ZhighSchool_1_6_north" },
      { "point": [ 1, 1, 0 ], "overmap": "ZhighSchool_1_5_north" },
      { "point": [ 2, 1, 0 ], "overmap": "ZhighSchool_1_4_north" },
      { "point": [ 0, 2, 0 ], "overmap": "ZhighSchool_1_9_north" },
      { "point": [ 1, 2, 0 ], "overmap": "ZhighSchool_1_8_north" },
      { "point": [ 2, 2, 0 ], "overmap": "ZhighSchool_1_7_north" },
      { "point": [ 0, 0, 1 ], "overmap": "ZhighSchool_2_3_north" },
      { "point": [ 1, 0, 1 ], "overmap": "ZhighSchool_2_2_north" },
      { "point": [ 2, 0, 1 ], "overmap": "ZhighSchool_2_1_north" },
      { "point": [ 0, 1, 1 ], "overmap": "ZhighSchool_2_6_north" },
      { "point": [ 1, 1, 1 ], "overmap": "ZhighSchool_2_5_north" },
      { "point": [ 2, 1, 1 ], "overmap": "ZhighSchool_2_4_north" },
      { "point": [ 0, 2, 1 ], "overmap": "ZhighSchool_2_9_north" },
      { "point": [ 1, 2, 1 ], "overmap": "ZhighSchool_2_8_north" },
      { "point": [ 2, 2, 1 ], "overmap": "ZhighSchool_2_7_north" },
      { "point": [ 0, 0, 2 ], "overmap": "ZhighSchool_3_3_north" },
      { "point": [ 1, 0, 2 ], "overmap": "ZhighSchool_3_2_north" },
      { "point": [ 2, 0, 2 ], "overmap": "ZhighSchool_3_1_north" },
      { "point": [ 0, 1, 2 ], "overmap": "ZhighSchool_3_6_north" },
      { "point": [ 1, 1, 2 ], "overmap": "ZhighSchool_3_5_north" },
      { "point": [ 2, 1, 2 ], "overmap": "ZhighSchool_3_4_north" },
      { "point": [ 0, 2, 2 ], "overmap": "ZhighSchool_3_9_north" },
      { "point": [ 1, 2, 2 ], "overmap": "ZhighSchool_3_8_north" },
      { "point": [ 2, 2, 2 ], "overmap": "ZhighSchool_3_7_north" },
      { "point": [ 0, 0, 3 ], "overmap": "ZhighSchool_4_3_north" },
      { "point": [ 1, 0, 3 ], "overmap": "ZhighSchool_4_2_north" },
      { "point": [ 2, 0, 3 ], "overmap": "ZhighSchool_4_1_north" },
      { "point": [ 0, 1, 3 ], "overmap": "ZhighSchool_4_6_north" },
      { "point": [ 1, 1, 3 ], "overmap": "ZhighSchool_4_5_north" },
      { "point": [ 2, 1, 3 ], "overmap": "ZhighSchool_4_4_north" },
      { "point": [ 0, 2, 3 ], "overmap": "ZhighSchool_4_9_north" },
      { "point": [ 1, 2, 3 ], "overmap": "ZhighSchool_4_8_north" },
      { "point": [ 2, 2, 3 ], "overmap": "ZhighSchool_4_7_north" }
    ],
    "city_distance": [ 3, -1 ],
    "city_sizes": [ 1, 16 ],
    "connections": [ { "point": [ 1, -1, 0 ], "connection": "local_road" } ],
    "occurrences": [ 33, 100 ],
    "flags": [ "UNIQUE", "ELECTRIC_GRID" ]
  },
  {
    "type": "mapgen",
    "method": "json",
    "om_terrain": [
      [ "ZhighSchool_1_3", "ZhighSchool_1_2", "ZhighSchool_1_1" ],
      [ "ZhighSchool_1_6", "ZhighSchool_1_5", "ZhighSchool_1_4" ],
      [ "ZhighSchool_1_9", "ZhighSchool_1_8", "ZhighSchool_1_7" ]
    ],
    "weight": 3000,
    "object": {
      "fill_ter": "t_strconc_floor",
      "rows": [
        "ssssssss_______sssssssssssssssssssssssssssssssssssssssssssssssssssssssss",
        "s$;$ $;$_______$;$ $;$ssssssssssssssssssssssssssssssssssssssssssssssssss",
        "sQLLLLLL_______LLLLLLQss             Q   QssQ   Q                       ",
        "s_____________________ss                  ss   $;$$$$$;$$$$$$$$;$$$$$;$ ",
        "s_____________________ss  $$;$$$$$$$$;$ $QssQ$ ||wwww||||wwww||||wwww|| ",
        "s_____________________ss  $||www||www||   ss   |Q.....a..cccc........Q| ",
        "sQLLLLLL_______LLLLLLQss  $|hddhaQhddh| $QssQ$ |......................w ",
        "s_____________________ss  $whddh..hddh|   ss   |......dh.dh.dh.dh.dh..w ",
        "s_____________________ss  $whddh..hddh|$$$ss$$$|......dh.dh.dh.dh.dh..w ",
        "s_____________________ss  $w..........||w|++|w||..d..................nw ",
        "sQLLLLLL_______LLLLLLQss  $|cccc..cccc|..Q..|6D|.hd...dh.dh.dh.dh.dh.n| ",
        "s_____________________sssss+................ChD|..d...dh.dh.dh.dh.dh.n| ",
        "s_____________________sssss+................C.D|.dd..................nw ",
        "s_____________________ss  $|Q#####Q..Y|.....|.F|......dh.dh.dh.dh.dh..w ",
        "sQLLLLLL_______LLLLLLQss  ||||||||||+|||w|++|+||6.....dh.dh.dh.dh.dh..w ",
        "s_____________________ss  |Q.D..oo|Q..|Q......n|6.....................w ",
        "s_____________________ss $w.MD....|..#|l......n|Q......Y####...ll....Q| ",
        "s_____________________ss $w..D.M..+..#|l......n||||+++||||||||||||||||| ",
        "sQLLLLLL_______LLLLLLQss  |F......|..#|l.......>........Q|oooQ####Qooo| ",
        "s_____________________ss  |||||||||A.c|l.................|............w ",
        "s_____________________ss  |DDFF.%#|A.c|l.................|...........lw ",
        "s_____________________ss $w6h...%.|..#|l..|HHHH..HHHH|...+...........lw ",
        "sQLLLLLL_______LLLLLLQss $w....h%.y..#|l..H......hhhhH...+.hh..hh..hh.w ",
        "ssssssssssssssssssssssss $w..@....|..#|l..H......ddddH...|.dd..dd..dd.| ",
        "ssssssssssssssssssssssss  |Q.@.Y.Q|..Q|l..H......ddddH...|.dd..dd..dd.| ",
        "|||||||||||++||||wwww|||||||||||||||+||...H......hhhhH..?w.hh..hh..hh.w ",
        "|llllllcY|Q..a...........Qllllllll......................?w............w ",
        "|......c.|..................................M...........?w.hh..hh..hh.w ",
        "wQ###Y...|..................####Q.........H?..M......H..?w.dd..dd..dd.w ",
        "|......|.+....|||||||||||----||----|+||...H?.n.......H...|.dd..dd..dd.| ",
        "|######|.|....|SS|T|T|T|Q.a..89....Y.Q|...H?...M.....H...|.hh..hh..hh.| ",
        "||||||||||....|ii|+|+|+|..............-...H???.......H...+............w ",
        "|######|.|....|Qiiiiiii|.#tt#.#tt#....-...|HHHH..HHHH|...+............w ",
        "|......|.+....+iiiiiiii|.#tt#.#tt#....-..................|......dddd..w ",
        "wQ###Y...|....|ii|+|+|+|.#tt#.#tt#....-.................Q|.......h.6..w ",
        "|......c.|l..>|SS|T|T|T|.#tt#.#tt#....|Qllllllllll....ccc|Qoooo......Q| ",
        "|llllllcY|l...||||||||||..............|||||||||||||+++||||||||||||||||| ",
        "||||||||||l...|SS|T|T|T|..............+ii+T|rir|Qa......Y####........Q| ",
        "|pQp|.6.Q|....|ii|+|+|+|.#tt#.#tt#....|Si|||rQe|......................w ",
        "|p.p|hD..+....+iiiiiiii|.#tt#.#tt#...a|Si+T|rie|......dh.dh.dh.dh.dh..w ",
        "wp.p|.D.F|....|Qiiiiiii|.#tt#.#tt#....|||||||+||......dh.dh.dh.dh.dh..w ",
        "wp.p|a..F|Q..Q|ii|+|+|+|.#tt#.#tt#....+iiOOOiiQ|..d..................nw ",
        "|p..+...#||++||SS|T|T|T|..............|iiiiiiiU|..d...dh.dh.dh.dh.dh.n| ",
        "||+|||||||....||||||||||..............CiiiCiiiU|.hd...dh.dh.dh.dh.dh.n| ",
        "|Q,,,,,,,,,,,,,,,,,,,,Q|.#tt#.#tt#....CiiiWiiiU|..d..................nw ",
        "w,::::::::::::::::::::,|.#tt#.#tt#....CiiiSiiiU|......dh.dh.dh.dh.dh..w ",
        "w,:,,,,,,,,,,,,,,,,,,:,|.#tt#.#tt#....CiiiCiiiU|6.....dh.dh.dh.dh.dh..w ",
        "w,:,,,,,,,,,,,,,,,,,,:,|.#tt#.#tt#....CiiiiiiiU|6.....................w ",
        "|,:,,,,,,,,,,,,,,,,,,:,|Q............Q|eeeUUUUQ|Q.............ll.....Q| ",
        "|,::::,,,,,,,,,,,,::::,||wwww||||||w+w|||||||||||wwww||||wwww||||wwww|| ",
        "|,:,,:,,,,,,,,,,,,:,,:,|$$$        sss                               f  ",
        "|,:7,:,,,,,,,,,,,,:,7:,|$;$       QsssQ          ;                ;  f  ",
        "|,:,,:,,,,,,,,,,,,:,,:,|$$$    $$  sss  $$     $$    bbbb   /  /  $$ f  ",
        "w,::::,,,,,,,,,,,,::::,w       $$  sss  $$     $            /  /   $ f  ",
        "w,:,,,,,,,,,,,,,,,,,,:,w      $$  sssss  $$   $$            /  /    ;f  ",
        "w,:,,,,,,,,::,,,,,,,,:,w     $$  sssssss  $$  ;             /  /     f  ",
        "|,:,,,,,,,:,,:,,,,,,,:,|$$$  $$ QsssIsssQ $$          mmm      /     f  ",
        "|,::::::::::::::::::::,|$;$  $$  sssssss  $$          mmm            f  ",
        "|,:,,,,,,,:,,:,,,,,,,:,|$$$  $$  sssssss  $$          mmm            f  ",
        "|,:,,,,,,,,::,,,,,,,,:,|||    $$  sssss  $$                       b  f  ",
        "|,:,,,,,,,,,,,,,,,,,,:,.Q|     $$  sss  $$   ;$    b              b  f  ",
        "w,:,,,,,,,,,,,,,,,,,,:,.#w      $$ sss $$     $$   b              b  f  ",
        "w,::::,,,,,,,,,,,,::::,.#w      $$QsssQ$$       ;  b                 f  ",
        "w,:,,:,,,,,,,,,,,,:,,:,.#wQ  Q   Q sss      Q   Q   Q   Q   Q   Q  ; f  ",
        "|,:7,:,,,,,,,,,,,,:,7:,..|ssssssssssssssssssssssssssssssssssssssss   f  ",
        "|,:,,:,,,,,,,,,,,,:,,:,..+sssssssssssssssssssssssssssssssssssssssss  f  ",
        "|,::::,,,,,,,,,,,,::::,..|ssssssssssssssssssssssssssssssssssssssss   f  ",
        "w,:,,,,,,,,,,,,,,,,,,:,.#wQ  Q   Q  s       Q   Q   Q   Q   Q   Q    f  ",
        "w,:,,,,,,,,,,,,,,,,,,:,.#w  $$  $$ QsQ $$  $$  $$  $$  $$  $$  $$    f  ",
        "w,::::::::::::::::::::,.#w          s                                f  ",
        "|Q,,,,,,,,,,,,,,,,,,,,,.Q|ffffffffffGfffffffffffffffffffffffffffffffff  ",
        "||wwww|||||wwww|||||wwww||                                              "
      ],
      "palettes": [ "ZhighSchool_palette" ],
      "place_items": [  ],
      "place_npcs": [
        { "class": "JUVENILE_MERC", "x": 40, "y": 28 },
        { "class": "JUVENILE_MERC", "x": 35, "y": 20 },
        { "class": "zhighNurse", "x": 28, "y": 21 }
      ],
      "place_item": [ { "item": "american_flag", "x": 36, "y": 57, "amount": 1 } ],
      "place_vehicles": [ { "vehicle": "school_vehicles", "x": 9, "y": 7, "chance": 100, "rotation": 0 } ]
    }
  },
  {
    "type": "mapgen",
    "method": "json",
    "om_terrain": [
      [ "ZhighSchool_2_3", "ZhighSchool_2_2", "ZhighSchool_2_1" ],
      [ "ZhighSchool_2_6", "ZhighSchool_2_5", "ZhighSchool_2_4" ],
      [ "ZhighSchool_2_9", "ZhighSchool_2_8", "ZhighSchool_2_7" ]
    ],
    "weight": 3000,
    "object": {
      "fill_ter": "t_strconc_floor",
      "rows": [
        "************************************************************************",
        "************************************************************************",
        "************************************************************************",
        "************************************************************************",
        "***********************************************||wwww||||wwww||||wwww||*",
        "***************************||www||www||********|Q.....ll.cccc........Q|*",
        "***************************|h.....h.DQ|********|6.....................w*",
        "***************************wDD6.DD6.Dh|********|6.....dh.dh.dh.dh.dh..w*",
        "***************************w.h...h..6.|********|......dh.dh.dh.dh.dh..w*",
        "***************************wDD6.DD6...||w||||w||..d...dh.dh.dh.dh.dh.nw*",
        "***************************|h....h...a|......ie|.hd..................n|*",
        "***************************|DD6.DD6.....htth.iU|..d..................n|*",
        "***************************|Q...........htth.iU|.dd...dh.dh.dh.dh.dh.nw*",
        "***************************|FFFcFFF...|.htth.iS|......dh.dh.dh.dh.dh..w*",
        "**************************|||||||||||||.htth.iC|......dh.dh.dh.dh.dh..w*",
        "**************************|o....FFF|...........|......................w*",
        "**************************wo.DD....+........Y.Q|Qa.....Y####..oooo...Q|*",
        "**************************w..MD.Q||||+|||+++|||||||+++|||||||||||||||||*",
        "**************************|6..D..|FcD.|Q.......<>.......Q|Q...nnnn...Q|*",
        "**************************|||||..|.hD.|l................n|............w*",
        "**************************|6.....|..6.|l................n|..hh.hh.hh..w*",
        "**************************w..Dh..|a...|l..|HHHHHHHHHH|...+..dd.dd.dd..w*",
        "**************************w.MDh..|.6DD|l..H~~~~~~~~~~H...+............w*",
        "**************************w..D..A|..hc|l..H~~~~~~~~~~H...|a.hh.hh.hh.l|*",
        "**************************|oooQ.A|FF.Q|l..H~~~~~~~~~~H...|..dd.dd.dd.l|*",
        "|||wwww||||||||||wwww||||||||||+|||||||...H~~~~~~~~~~H..?w#...........w*",
        "|Q......Q|Q......####...QlllllQ..lllllQ...H~~~~~~~~~~H..?w#.hh.hh.hh..w*",
        "|..M.M...|l...............................H~~~~~~~~~~H..?w#.dd.dd.dd..w*",
        "w..DDDDM.|l...................###.........H~~~~~~~~~~H..?w#...........w*",
        "w.MD..D..|l...|||||||||||||+||||cc...cc...H~~~~~~~~~~H...|..hh.hh.hh..|*",
        "w..D..DM.|l...|SS|T|T|T|a......|......c...H~~~~~~~~~~H...|Y.dd.dd.dd..|*",
        "w.MDDDD..|Q...|ii|+|+|+|..M.M..|.hddh.....H~~~~~~~~~~H...+............w*",
        "|...M.M..y....+iiiiiiii|..DDDM.|.hddh.....|HHHHHHHHHH|...+...........6w*",
        "|a......Q|....|Qiiiiiii|.MDDD..|.hddh....................|....dddd...6w*",
        "||||||||||l...|ii|+|+|+|...M...|.hddh.c..................|....d..d....w*",
        "|FFFccFFF|l..<|SS|T|T|T|FF....Q|Q.....c......lllll......Q|Q.....h....Q|*",
        "|Q.......|l..Q|||||||||||||||||||wwwww|||+++|||||||+++|||||||||||||||||*",
        "wFFF..FFF|l..>|SS|T|T|T|Q..ll....####Y........Q|Q................ooooQ|*",
        "w........|l...|ii|+|+|+|o.....................6|#.........h.6.........w*",
        "wFFF..FFF|....|Qiiiiiii|o..hd.hd.hd.hd.hd.....6|#........dddd........aw*",
        "w........y....+iiiiiiii|o..hd.hd.hd.hd.hd......|#.....................w*",
        "|Q.....h.|a..Q|ii|+|+|+|o...................d..|#...dd.dd.dd.dd.dd...nw*",
        "|FFF.6DDD||++||SS|T|T|T|...hd.hd.hd.hd.hd...dh.|Y...hh.hh.hh.hh.hh...n|*",
        "||||||||||Q..Q||||||||||...hd.hd.hd.hd.hd...d..|.....................n|*",
        "|Q#######......#######Q|o...................d..|....dd.dd.dd.dd.dd...nw*",
        "w.....................a|o..hd.hd.hd.hd.hd......|l...hh.hh.hh.hh.hh....w*",
        "w.@.@.@.@.@.@.@.@.@.@..|o..hd.hd.hd.hd.hd......|l.....................w*",
        "w.l.l.l.l.l.l.l.l.l.l..|o......................|....dd.dd.dd.dd.dd....w*",
        "|......................|Q....nnnn.......a.....Q|Q...hh.hh.hh.hh.hh...Q|*",
        "|.@.@.@.@.@.@.@.@.@.@..||wwww||||wwwww||||wwww|||wwww||||wwww||||wwww||*",
        "|.l.l.l.l.l.l.l.l.l.l..|************************************************",
        "|......................|************************************************",
        "|.@.@.@.@.@.@.@.@.@.@.Q|************************************************",
        "w.l.l.l.l.l.l.l.l.l.l..w************************************************",
        "w......................w************************************************",
        "w.@.@.@.@.@.@.@.@.@.@..w************************************************",
        "|Ql.l.l.l.l.l.l.l.l.l..|************************************************",
        "|......................|************************************************",
        "|.@.@.@.@.@.@.@.@.@.@..|************************************************",
        "|.l.l.l.l.l.l.l.l.l.l..|||**********************************************",
        "|Q......................Q|**********************************************",
        "w.@.@.@.@.@.@.@.@.@.@.#.#w**********************************************",
        "w.l.l.l.l.l.l.l.l.l.l.#.#w**********************************************",
        "w.....................#.#w**********************************************",
        "|.@.@.@.@.@.@.@.@.@.@.#.#|**********************************************",
        "|.l.l.l.l.l.l.l.l.l.l...#|**********************************************",
        "|.....................#.#|**********************************************",
        "w.@.@.@.@.@.@.@.@.@.@.#.#w**********************************************",
        "w.l.l.l.l.l.l.l.l.l.l.#.#w**********************************************",
        "w.....................#.#w**********************************************",
        "|Q........Q.Ph.Q........Q|**********************************************",
        "||wwww|||||wwww|||||wwww||**********************************************"
      ],
      "palettes": [ "ZhighSchool_palette" ],
      "place_npcs": [
        { "class": "CHAIRMAN", "x": 13, "y": 46 }
      ],
      "place_items": [  ]
    }
  },
  {
    "type": "mapgen",
    "method": "json",
    "om_terrain": [
      [ "ZhighSchool_3_3", "ZhighSchool_3_2", "ZhighSchool_3_1" ],
      [ "ZhighSchool_3_6", "ZhighSchool_3_5", "ZhighSchool_3_4" ],
      [ "ZhighSchool_3_9", "ZhighSchool_3_8", "ZhighSchool_3_7" ]
    ],
    "weight": 3000,
    "object": {
      "fill_ter": "t_strconc_floor",
      "rows": [
        "************************************************************************",
        "************************************************************************",
        "************************************************************************",
        "************************************************************************",
        "***********************************************||wwww||||wwww||||wwww||*",
        "***************************||www||www||********|Q......a.cccc.ll.....Q|*",
        "***************************|6666Qo...o|********|......................w*",
        "***************************whhhh.o.o.o|********|......dh.dh.dh.dh.dh..w*",
        "***************************w.....o.o.o|********|......dh.dh.dh.dh.dh..w*",
        "***************************woooo.o.o.o||w||||w||..d..................nw*",
        "***************************|oooo.o...o|M.oooo.Q|.hd...dh.dh.dh.dh.dh.n|*",
        "***************************|....Q.............o|..d...dh.dh.dh.dh.dh.n|*",
        "***************************|d...oo...hn..oooo.o|.dd..................nw*",
        "***************************|dh..oo...hn.......o|......dh.dh.dh.dh.dh..w*",
        "**************************||6...oo...hn..oooo.o|......dh.dh.dh.dh.dh..w*",
        "**************************|oooo...............o|......................w*",
        "**************************w......Qoooo|.M.....Q|Q66....Y####.........Q|*",
        "**************************wM..........|||+++|||||||+++|||||||||||||||||*",
        "**************************|oooo...oooo|aQ.......<.......Q|Q.ooo..ooo.Q|*",
        "**************************|oooo...oooo|l.................|............w*",
        "**************************|...........|l.................|a..........lw*",
        "**************************w.hnnh.hnnh.|l..|HHHHHHHHHH|...+...........lw*",
        "**************************w.hnnh.hnnh.|l..H~~~~~~~~~~H...+..hhh..hhh..w*",
        "**************************w...........|l..H~~~~~~~~~~H...|..ddd..ddd..|*",
        "**************************|ooooQ.aoooo|l..H~~~~~~~~~~H...|..ddd..ddd..|*",
        "|||wwww||||||||||wwww||||||||||w+w|||||...H~~~~~~~~~~H...w#.hhh..hhh.cw*",
        "|MMM..hhh|Qlllll........aQ|llllQ..llll|...H~~~~~~~~~~H...w#..........cw*",
        "|MM.hhh.h|................................H~~~~~~~~~~H...w#.hhh..hhh.cw*",
        "w.M..h.h?|.......####.....................H~~~~~~~~~~H...w#.ddd..ddd.cw*",
        "wΔ.M..h#?|....|||||||||||||||||w+w|||||...H~~~~~~~~~~H...|..ddd..ddd..|*",
        "w......#?|....|SS|T|T|T|DD|6666...|6!!|?..H~~~~~~~~~~H...|..hhh..hhh..|*",
        "w...nn.#?|....|ii|+|+|+|D..hhhh...y...|?..H~~~~~~~~~~H...+............w*",
        "|...nn...y....+iiiiiiii|6h........|||||?..|HHHHHHHHHH|...+...........6w*",
        "|nnn.####|...Q|Qiiiiiii|..........|CCS|.................c|Y...dddd...6w*",
        "||||||||||..|||ii|+|+|+|.hhhhhhhhh|iiiy.................c|.....h.d....w*",
        "|jjjjjjjj|..y>|SS|T|T|T|Q666666666|ggg|Q.....lllll......c|Q..........Q|*",
        "|']]j'[['|..|||||||||||||||||||||||||||||+++|||||||+++|||||||||||||||||*",
        "w']]''[['|...<|SS|T|T|T|Q..ll.................Q|Q......Y####.......Qii|*",
        "w''''''''|....|ii|+|+|+|.......................|6...................iSw*",
        "wR'''''ff|....|Qiiiiiii|...hd.hd.hd.hd.hd......|6.....dh.dh.dh.dh...iSw*",
        "wR''0''GQy....+iiiiiiii|...hd.hd.hd.hd.hd......|......dh.dh.dh.dh...iSw*",
        "|R'''''ff|....|ii|+|+|+|n..hd.hd.hd.hd.hd...dd.|..dd..dh.dh.dh.dh...iSw*",
        "|''''''''|Q..Q|SS|T|T|T|n...................d..|...d..dh.dh.dh.dh..Qii|*",
        "|||||||||||yy|||||||||||n...................d.h|.h.d...........||||||||*",
        "1zfuuuuuuuuuuuuuuuuuuuu|n..hd.hd.hd.hd.hd...d..|..dd..dh.dh.dh.|SCCCikw*",
        "1zfuuuuuuuuuuuuuuuuuuuuw...hd.hd.hd.hd.hd......|......dh.dh.dh.+iiiiikw*",
        "1zfuuuuuuuuuuuuuuuuuuuuw...hd.hd.hd.hd.hd.....6|......dh.dh.dh.|kiCCikw*",
        "1zfuuuuuuuuuuuuuuuuuuuuw......................6|......dh.dh.dh.|kiCCikw*",
        "1zfuZZZZuuZZZZuuZZZZuuu|Q........####Y..a.....Q|Qnnnn.........Q|kiiiik|*",
        "1zfuZZZZuuZZZZuuZZZZuff||wwww||||wwwww||||wwww|||wwww||||wwww||||wwww||*",
        "1zfuZZZZuuZZZZuuZZZZufz2************************************************",
        "1zfuuuuuuuuuuuuuuuuuufz2************************************************",
        "1zfuZZZZuuZZZZuuZZZZufz2************************************************",
        "1zfuZZZZuuZZZZuuZZZZufz2************************************************",
        "1zfuZZZZuuZZZZuuZZZZufz2************************************************",
        "1zfuuuuuuuuuuuuuuuuuufz2************************************************",
        "1zfuuuuuuuuuuuuuuuuuufz2************************************************",
        "1zffffffffffffffffffffz2************************************************",
        "1zzzzzzzzzzzzzzzzzzzzzz2************************************************",
        "1zzzzzzzzzzzzzzzzzzzzzz235**********************************************",
        "1zzzZZZZzzZZZZzzZZZZzzzzz2**********************************************",
        "1zzzZZZZzzZZZZzzZZZZzzzzz2**********************************************",
        "1zzzZZZZzzZZZZzzZZZZzzzzz2**********************************************",
        "1zzzzzzzzzzzzzzzzzzzzzzzz2**********************************************",
        "1zzzZZZZzzZZZZzzZZZZzzzzz2**********************************************",
        "1zzzZZZZzzZZZZzzZZZZzzzzz2**********************************************",
        "1zzzZZZZzzZZZZzzZZZZzzzzz2**********************************************",
        "1zzzzzzzzzzzzzzzzzzzzzzzz2**********************************************",
        "1zzzzzzzzzzzzzzzzzzzzzzzz2**********************************************",
        "1zzzzzzzzzzzzzzzzzzzzzzzz2**********************************************",
        "1zzzzzzzzzzzzzzzzzzzzzzzz2**********************************************",
        "54444444444444444444444445**********************************************"
      ],
      "palettes": [ "ZhighSchool_palette" ],
      "place_items": [  ]
    }
  },
  {
    "type": "mapgen",
    "method": "json",
    "om_terrain": [
      [ "ZhighSchool_4_3", "ZhighSchool_4_2", "ZhighSchool_4_1" ],
      [ "ZhighSchool_4_6", "ZhighSchool_4_5", "ZhighSchool_4_4" ],
      [ "ZhighSchool_4_9", "ZhighSchool_4_8", "ZhighSchool_4_7" ]
    ],
    "weight": 3000,
    "object": {
      "fill_ter": "t_tar_flat_roof",
      "rows": [
        "************************************************************************",
        "************************************************************************",
        "************************************************************************",
        "************************************************************************",
        "***********************************************133333333333333333333335*",
        "***************************533333333331********1zzzzzzzzzzzzzzzzzzzzzz2*",
        "***************************1zzzzzzzzzz1********1zzzzzzzzzzzzzzzzzzzzzz2*",
        "***************************1zzzzzzzzzz1********1zzzzzzzzzzzzzzzzzzzzzz2*",
        "***************************1zzzzzzzzzz1********1zzzzzzzzzzzzzzzzzzzzzz2*",
        "***************************1zzzzzzzzzz5333333335zzzzzzzzzzzzzzzzzzzzzz2*",
        "***************************1zzzzzzzzzzzzzzzzzzzzzzzzzzzzzzzzzzzzzzzzzz2*",
        "***************************1zzzzzzzzzEEzzzzzzzzzzzzzzzzzzzzzzzzzzzzzzz2*",
        "***************************1zzzzzzzzzEEzzuzzzzzzzzzzzzzzzzzzzzzzzzzzzz2*",
        "***************************1zzzzzzzzzzzzzzzzzzzzzzzzzzzzzzzzzzzzzzzzzz2*",
        "**************************15zzzzzzzzzEEzzuzzzzzzzzzzzzzzzzzzzzzzzzzzzz2*",
        "**************************1zzzzzzzzzzEEzzzzzzzzzzzzzzzzzzzzzzzzzzzzzzz2*",
        "**************************1zzzzzzzzzzzzzzuzzzzzzzzzzzzzzzzzzzzzzzzzzzz2*",
        "**************************1zzzzzzzzzzzzzzzzzzzzzzzzzzzzzzzzzzzzzzzzzzz2*",
        "**************************1zzzzzzzzzzzzzzuzzzzzzzzzzzzzzzzzzzzzzzzzzzz2*",
        "**************************1zzzzzzzzzzzzzzzzzzzzzzzzzzzzzzzzzzzzzzzzzzz2*",
        "**************************1zzzzzzzzzzzzzzuzzzzzzzzzzzzzzzzzzzzzzzzzzzz2*",
        "**************************1zzzzzzzzzzzzzzzzzzzzzzzzzzzzzzzzzzzzzzzzzzz2*",
        "**************************1zzzzzzzzzzzzzzuzZZZZZZZZZZzzzzzzzzzzzzzzzzz2*",
        "**************************1zzzzzzzzzzzzzzzzZZZZZZZZZZzzzzzzzzzzzzzzzzz2*",
        "**************************1zzzzzzzzzzzzzzuzZZZZZZZZZZzzzzzzzzzzzzzzzzz2*",
        "533333333333333333333333335zzzzzzzzzzzzzzzzZZZZZZZZZZzzzzzzzzzzzzzzzzz2*",
        "1zzzzzzzzzzzzzzzzzzzzzzzzzzzzzzzzzzzzzzzzuzZZZZZZZZZZzzzzzzzzzzzzzzzzz2*",
        "1zzzzzzzzzzzzzzzzzzzzzzzzzzzzzzzzzzzzzzzzzzZZZZZZZZZZzzzzzzzzzzzzzzzzz2*",
        "1zzzzzzzzuzuzuzuzuzuzuzuzuzuzuzuzuzuzuzuzuzZZZZZZZZZZzzzzzzzzzzzzzzzzz2*",
        "1zzzzzzzzzzzzzzzzzzzzzzzzzzzzzzzzzzzzzzzzzzZZZZZZZZZZzzzzzzzzzzzzzzzzz2*",
        "1zfffffffGfffffffffzzzzzzzzzzzzzzzzzz{zzzuzZZZZZZZZZZzzzzzzzzzzzzzzzzz2*",
        "1zfuuuuuuuuuuuuuuufzzzzzzZZZZZZZZzzzz{zzzzzZZZZZZZZZZzzzzzzzzzzzzzzzzz2*",
        "1zfuuuuuuuuuuuuuuufzzzzzzZZZZZZZZzzzz{zzzuzzzzzzzzzzzzzzzzzzzzzzzzzzzz2*",
        "1zfuuuuuuuuuuuuuuufzzzzzzZZZZZZZZzzzzzzzzzzzzzzzzzzzzzzzzzzzzzzzzzzzzz2*",
        "1zfuuuuuuuuu|||uuufzzzzzzzzzzzzzzzzzzKzzzuzuzuzuzuzuzuzuzuzuzuzuzuzuzz2*",
        "1zfuuuuuuuuu+<|uuufzzzzzzzzzzzzzzzzzzzzzzzzzzzzzzzzzzzzzzzzzzzzzzzzzzz2*",
        "1zfuuuuuuuuu|||uuufzzzzzzzzzzzzzzzzzzzzzzzzzzzzzzzzzzzzzzzzzzzzzzzzzzz2*",
        "1zfuuuuuuuuuuuuuuufzzzzzzzzzzzzzzzzzzzzzzzzzzzzzzzzzzzzzzzzzzzzzzzzzzz2*",
        "1zfuuuuuuuuuuuuuuufzzzzzzzzzzzzzzzzzzzzzzzzzzzzzzzzzzzzzzzzzzzzzzzzzzz2*",
        "1zfuuuuuuuuuuuuuuufzzzzzzzzzzzzzzzzzzzzzzzzzzzzzzzzzzzzzzzzzzzzzzzzzzz2*",
        "1zfffffffffffffffffzzzzzzzzzzzzzzzzzzzzzzzzzzzzzzzzzzzzzzzzzzzzzzzzzzz2*",
        "1zzzzzzzzzzzzzzzzzzzzzzzzzzzzzzzzzzzzzzzzzzzzzzzzzzzzzzzzzzzzzzzzzzzzz2*",
        "1zzzzzzzzzzzzzzzzzzzzzzzzzzzzzzzzzzzzzzzzzzzzzzzzzzzzzzzzzzzzzzzzzzzzz2*",
        "444444444444444444444445zzzzzzzzzzzzzzzzzzzzzzzzzzzzzzzzzzzzzzzzzzzzzz2*",
        "***********************1zzzzzzzzzzzzzzzzzzzzzzzzzzzzzzzzzzzzzzzzzzzzzz2*",
        "***********************1zzzzzzzzzzzzzzzzzzzzzzzzzzzzzzzzzzzzzzzzzzzzzz2*",
        "***********************1zzzzzzzzzzzzzzzzzzzzzzzzzzzzzzzzzzzzzzzzzzzzzz2*",
        "***********************1zzzzzzzzzzzzzzzzzzzzzzzzzzzzzzzzzzzzzzzzzzzzzz2*",
        "***********************1zzzzzzzzzzzzzzzzzzzzzzzzzzzzzzzzzzzzzzzzzzzzzz2*",
        "***********************544444444444444444444444444444444444444444444445*",
        "************************************************************************",
        "************************************************************************",
        "************************************************************************",
        "************************************************************************",
        "************************************************************************",
        "************************************************************************",
        "************************************************************************",
        "************************************************************************",
        "************************************************************************",
        "************************************************************************",
        "************************************************************************",
        "************************************************************************",
        "************************************************************************",
        "************************************************************************",
        "************************************************************************",
        "************************************************************************",
        "************************************************************************",
        "************************************************************************",
        "************************************************************************",
        "************************************************************************",
        "************************************************************************",
        "************************************************************************"
      ],
      "palettes": [ "ZhighSchool_palette" ],
      "place_items": [  ],
      "place_nested": [
        { "chunks": [ [ "roof_16x16_help", 5 ], [ "null", 25 ] ], "x": [ 48, 54 ], "y": [ 6, 8 ] },
        {
          "chunks": [ [ "roof_4x4_utility", 5 ], [ "roof_4x4_utility", 5 ], [ "roof_6x6_utility", 5 ] ],
          "x": [ 50, 58 ],
          "y": [ 36, 42 ]
        },
        {
          "chunks": [ [ "roof_4x4_utility", 5 ], [ "roof_4x4_utility", 5 ], [ "roof_2x2_utilities_d", 5 ] ],
          "x": [ 25, 40 ],
          "y": [ 36, 42 ]
        }
      ]
    }
  },
  {
    "type": "palette",
    "id": "ZhighSchool_palette",
    "terrain": {
      "*": "t_open_air",
      "~": "t_open_air_rooved",
      "H": "t_glass_railing",
      " ": [ [ "t_dirt", 5 ], [ "t_grass", 16 ], [ "t_grass_long", 5 ] ],
      "b": "t_dirt",
      "$": [
        [ "t_underbrush", 10 ],
        [ "t_shrub", 32 ],
        [ "t_grass_tall", 10 ],
        [ "t_shrub_lilac", 2 ],
        [ "t_shrub_hydrangea", 2 ],
        [ "t_shrub_rose", 1 ]
      ],
      ";": [ [ "t_tree", 10 ], [ "t_tree_willow", 3 ], [ "t_tree_birch", 3 ], [ "t_tree_maple", 3 ], [ "t_tree_pine", 5 ] ],
      "+": "t_door_metal_c",
      "i": "t_metal_floor",
      "e": "t_metal_floor",
      "O": "t_metal_floor",
      "W": "t_metal_floor",
      "S": "t_metal_floor",
      "T": "t_metal_floor",
      "U": "t_metal_floor",
      "C": "t_metal_floor",
      "g": "t_metal_floor",
      "k": "t_metal_floor",
      "-": "t_reinforced_glass_shutter",
      "G": "t_door_bar_c",
      "L": "t_pavement_y",
      "_": "t_pavement",
      "f": "t_bars",
      "s": "t_sidewalk",
      "w": "t_reinforced_glass_shutter",
      "x": "t_console_broken",
      "|": "t_wall_metal",
      "I": "t_column",
      ",": "t_floor_waxed",
      ":": "t_floor_waxed_y",
      "7": "t_backboard_in",
      "m": "t_monkey_bars",
      "/": "t_slide",
      "<": "t_stairs_down",
      ">": "t_stairs_up",
      "z": "t_tar_flat_roof",
      "u": "t_tile_flat_roof",
      "Z": "t_glass_roof",
      "1": "t_gutter_west",
      "2": "t_gutter_east",
      "3": "t_gutter_north",
      "4": "t_gutter_south",
      "5": "t_gutter_drop",
      "[": "t_strconc_floor",
      "]": "t_strconc_floor",
      "0": "t_strconc_floor",
      "'": "t_strconc_floor",
      "y": "t_door_metal_c",
      "Q": "t_utility_light",
      "j": "t_sewage_pipe"
    },
    "furniture": {
      "%": "f_curtain",
      "@": "f_floor_mattress",
      "#": "f_bench",
      "b": "f_bench",
      "?": "f_sofa",
      "S": "f_sink",
      "T": "f_toilet",
      "n": "f_tourist_table",
      "c": "f_counter",
      "C": "f_counter",
      "d": "f_tourist_table",
      "D": "f_tourist_table",
      "e": "f_fridge",
      "g": "f_locker",
      "h": "f_camp_chair",
      "M": "f_armchair",
      "k": "f_locker",
      "l": "f_locker",
      "o": "f_bookcase",
      "O": "f_oven",
      "U": "f_cupboard",
      "W": "f_dishwasher",
      "r": "f_warehouse_shelf",
      "p": "f_warehouse_shelf",
      "R": "f_warehouse_shelf",
      "P": "f_piano",
      "t": "f_tourist_table",
      "Y": "f_rack_coat",
      "F": "f_filing_cabinet",
      "a": "f_trashcan",
      "A": "f_glass_cabinet",
      "[": "f_home_furnace",
      "]": "f_water_heater",
      "0": "f_standing_tank",
      "!": "f_battery_huge",
      "{": "f_solar_unit_v2",
      "K": "f_battery_huge",
      "E": "f_charger",
      "8": "f_vending_reinforced",
      "9": "f_vending_reinforced"
    },
    "toilets": { "T": {  } },
    "items": {
      "a": { "item": "ZhighItemGroupsNumbers", "chance": 40 },
      ".": { "item": "ZhighItemGroupsNumbers", "chance": 40 },
      "d": { "item": "ZhighItemGroupsNumbers", "chance": 40 },
      "D": { "item": "office", "chance": 100 },
      "e": [ { "item": "fridge", "chance": 100 }, { "item": "sugar_house_kitchen_items", "chance": 100 }, { "item": "sugar_house_items", "chance": 100 } ],
      "g": { "item": "cleaning", "chance": 100  },
      "k": { "item": "chem_school", "chance": 40 },
      "h": [ { "item": "file_room", "chance": 80 }, { "item": "office", "chance": 80 }, { "item": "games", "chance": 60 } ],
      "l": { "item": "ZhighItemGroupsNumbers", "chance": 100 },
      "o": { "item": "book_school", "chance": 100 },
      "r": [ { "item": "ZhighFoodGroupsNumbers", "chance": 80 }, { "item": "ZhighFoodGroupsNumbers", "chance": 80 } ],
      "p": { "item": "gym_school", "chance": 40 },
      "R": [ { "item": "tools_plumbing", "chance": 40 }, { "item": "camping", "chance": 40 } ],
      "t": { "item": "dining", "chance": 40 },
      "u": { "item": "ZhighItemGroupsNumbers", "chance": 40 },
      "A": { "item": "ZhighMedsGroupsNumbers", "chance": 40 },
      "F": [ { "item": "file_room", "chance": 100 }, { "item": "office", "chance": 100 } ],
      "S": [ { "item": "SUS_breakfast_cupboard", "chance": 100 }, 
             { "item": "SUS_coffee_cupboard", "chance": 100 }, 
             { "item": "SUS_appliances_cupboard", "chance": 100 },
             { "item": "SUS_kitchen_sink", "chance": 100 },
             { "item": "SUS_cookware", "chance": 100 },
             { "item": "SUS_dishes", "chance": 100 },
             { "item": "SUS_knife_drawer", "chance": 100 },
             { "item": "SUS_utensils", "chance": 100 },
             { "item": "SUS_silverware", "chance": 100 },
             { "item": "SUS_pantry", "chance": 100 } ],
      "@": [ 
        { "item": "army_bed", "chance": 100 }, 
        { "item": "tools_lighting", "chance": 100 }, 
        { "item": "bed", "chance": 100 }, 
        { "item": "bed", "chance": 100 }, 
        { "item": "bed", "chance": 100 } 
      ],
      "U": [
        { "item": "ZhighFoodGroupsNumbers", "chance": 100 },
        { "item": "ZhighFoodGroupsNumbers", "chance": 100 },
        { "item": "dining", "chance": 40 }
      ]
    },
    "vendingmachines": { "8": { "item_group": "ZhighDrinksGroupsNumbers" }, "9": { "item_group": "ZhighFoodGroupsNumbers" } },
    "computers": {
      "6": {
        "name": "PCPowerOS",
        "options": [
          { "name": "Beginning Toll", "action": "toll" },
          { "name": "Ending Toll", "action": "toll" },
          { "name": "Emergency Toll", "action": "toll" },
          { "name": "Emergency Message", "action": "emerg_mess" },
          { "name": "Disable External Power", "action": "complete_disable_external_power" }
        ]
      },
      "Δ": {
        "name": "PCPowerOS",
        "options": [
          { "name": "Read logs", "action": "amigara_log" },
          { "name": "Contact Us", "action": "emerg_ref_center" },
          { "name": "View Subway Routes", "action": "map_subway" },
          { "name": "View Research Logs", "action": "research" },
          { "name": "Download Map Data", "action": "maps" }
        ]
      }
    }
  }
]