[
    {
        "type": "sound_effect",
        "id" : "fire_gun",
        "volume" : 90,
        "variant" : "marble_gun",
        "files" : [
            "guns/crossbows/crossbows_1.ogg",
			"guns/crossbows/crossbows_2.ogg",
			"guns/crossbows/crossbows_3.ogg",
			"guns/crossbows/crossbows_4.ogg"
        ]
    },
	{
        "type": "sound_effect",
        "id" : "fire_gun_distant",
        "volume" : 40,
        "variant" : "marble_gun",
        "files" : [
            "guns/crossbows/crossbows_1.ogg",
			"guns/crossbows/crossbows_2.ogg",
			"guns/crossbows/crossbows_3.ogg",
			"guns/crossbows/crossbows_4.ogg"
        ]
    },
    {
        "type": "sound_effect",
        "id" : "reload",
        "volume" : 90,
        "variant" : "marble_gun",
        "files" : [
            "guns/reload/revolver/revolver_1.ogg",
			"guns/reload/revolver/revolver_2.ogg",
			"guns/reload/revolver/revolver_3.ogg",
			"guns/reload/revolver/revolver_4.ogg",
			"guns/reload/revolver/revolver_5.ogg"
        ]
    },
    {
        "type": "sound_effect",
        "id" : "fire_gun",
        "volume" : 90,
        "variant" : "marble_pump_gun",
        "files" : [
            "guns/crossbows/crossbows_1.ogg",
			"guns/crossbows/crossbows_2.ogg",
			"guns/crossbows/crossbows_3.ogg",
			"guns/crossbows/crossbows_4.ogg"
        ]
    },
	{
        "type": "sound_effect",
        "id" : "fire_gun_distant",
        "volume" : 40,
        "variant" : "marble_pump_gun",
        "files" : [
            "guns/crossbows/crossbows_1.ogg",
			"guns/crossbows/crossbows_2.ogg",
			"guns/crossbows/crossbows_3.ogg",
			"guns/crossbows/crossbows_4.ogg"
        ]
    },
    {
        "type": "sound_effect",
        "id" : "reload",
        "volume" : 90,
        "variant" : "marble_pump_gun",
        "files" : [
            "guns/reload/revolver/revolver_1.ogg",
			"guns/reload/revolver/revolver_2.ogg",
			"guns/reload/revolver/revolver_3.ogg",
			"guns/reload/revolver/revolver_4.ogg",
			"guns/reload/revolver/revolver_5.ogg"
        ]
    },
    {
        "type": "sound_effect",
        "id" : "fire_gun",
        "volume" : 100,
        "variant" : "ashot_db",
        "files" : [
            "guns/00shot/00shot1.ogg",
			"guns/00shot/00shot2.ogg",
			"guns/00shot/00shot3.ogg",
			"guns/00shot/00shot4.ogg",
			"guns/00shot/00shot5.ogg"
        ]
    },
	{
        "type": "sound_effect",
        "id" : "fire_gun_distant",
        "volume" : 60,
        "variant" : "ashot_db",
        "files" : [
            "guns/00shot/00shot1.ogg",
			"guns/00shot/00shot2.ogg",
			"guns/00shot/00shot3.ogg",
			"guns/00shot/00shot4.ogg",
			"guns/00shot/00shot5.ogg"
        ]
    },
    {
        "type": "sound_effect",
        "id" : "reload",
        "volume" : 90,
        "variant" : "ashot_db",
        "files" : [
            "guns/reload/shotgun/pumpreload1.ogg",
			"guns/reload/shotgun/pumpreload2.ogg",
			"guns/reload/shotgun/pumpreload3.ogg",
			"guns/reload/shotgun/pumpreload4.ogg",
			"guns/reload/shotgun/pumpreload5.ogg"
        ]
    },
    {
        "type": "sound_effect",
        "id" : "fire_gun",
        "volume" : 100,
        "variant" : "ashot_40",
        "files" : [
            "guns/40mm/40mm_1.ogg",
			"guns/40mm/40mm_2.ogg",
			"guns/40mm/40mm_3.ogg",
			"guns/40mm/40mm_4.ogg"
        ]
    },
	{
        "type": "sound_effect",
        "id" : "fire_gun_distant",
        "volume" : 60,
        "variant" : "ashot_40",
        "files" : [
            "guns/40mm/40mm_1.ogg",
			"guns/40mm/40mm_2.ogg",
			"guns/40mm/40mm_3.ogg",
			"guns/40mm/40mm_4.ogg"
        ]
    },
    {
        "type": "sound_effect",
        "id" : "reload",
        "volume" : 90,
        "variant" : "ashot_40",
        "files" : [
            "guns/reload/launcher/launcher_1.ogg",
			"guns/reload/launcher/launcher_2.ogg",
			"guns/reload/launcher/launcher_3.ogg",
			"guns/reload/launcher/launcher_4.ogg",
			"guns/reload/launcher/launcher_5.ogg"
        ]
    },
	{
        "type": "sound_effect",
        "id" : "fire_gun",
        "volume" : 90,
        "variant" : "laser_spotlight",
        "files" : [
            "guns/eweapons/laser_cannon.ogg"
        ]
    },
	{
        "type": "sound_effect",
        "id" : "fire_gun_distant",
        "volume" : 40,
        "variant" : "laser_spotlight",
        "files" : [
            "guns/eweapons/laser_cannon.ogg"
        ]
    },
    {
        "type": "sound_effect",
        "id" : "fire_gun",
        "volume" : 100,
        "variant" : "pistol_flintlock_double",
        "files" : [
            "guns/flintlock/flintlock_1.ogg",
			"guns/flintlock/flintlock_2.ogg",
			"guns/flintlock/flintlock_3.ogg",
			"guns/flintlock/flintlock_4.ogg",
			"guns/flintlock/flintlock_5.ogg"
        ]
    },
	{
        "type": "sound_effect",
        "id" : "fire_gun_distant",
        "volume" : 40,
        "variant" : "pistol_flintlock_double",
        "files" : [
            "guns/flintlock/flintlock_1.ogg",
			"guns/flintlock/flintlock_2.ogg",
			"guns/flintlock/flintlock_3.ogg",
			"guns/flintlock/flintlock_4.ogg",
			"guns/flintlock/flintlock_5.ogg"
        ]
    },
    {
        "type": "sound_effect",
        "id" : "reload",
        "volume" : 90,
        "variant" : "pistol_flintlock_double",
        "files" : [
            "guns/reload/others/flintlock.ogg"
        ]
    },
  {
        "type": "sound_effect",
        "id" : "fire_gun",
        "volume" : 100,
        "variant" : "pistol_blunderbuss",
        "files" : [
            "guns/flintlock/flintlock_1.ogg",
			"guns/flintlock/flintlock_2.ogg",
			"guns/flintlock/flintlock_3.ogg",
			"guns/flintlock/flintlock_4.ogg",
			"guns/flintlock/flintlock_5.ogg"
        ]
    },
	{
        "type": "sound_effect",
        "id" : "fire_gun_distant",
        "volume" : 40,
        "variant" : "pistol_blunderbuss",
        "files" : [
            "guns/flintlock/flintlock_1.ogg",
			"guns/flintlock/flintlock_2.ogg",
			"guns/flintlock/flintlock_3.ogg",
			"guns/flintlock/flintlock_4.ogg",
			"guns/flintlock/flintlock_5.ogg"
        ]
    },
    {
        "type": "sound_effect",
        "id" : "reload",
        "volume" : 90,
        "variant" : "pistol_blunderbuss",
        "files" : [
            "guns/reload/rifle_s/rifle_1.ogg",
			"guns/reload/rifle_s/rifle_2.ogg",
			"guns/reload/rifle_s/rifle_3.ogg",
			"guns/reload/rifle_s/rifle_4.ogg",
			"guns/reload/rifle_s/rifle_5.ogg"
        ]
    },
    {
        "type": "sound_effect",
        "id" : "fire_gun",
        "volume" : 100,
        "variant" : "pistol_flintlock_revolver",
        "files" : [
            "guns/flintlock/flintlock_1.ogg",
			"guns/flintlock/flintlock_2.ogg",
			"guns/flintlock/flintlock_3.ogg",
			"guns/flintlock/flintlock_4.ogg",
			"guns/flintlock/flintlock_5.ogg"
        ]
    },
	{
        "type": "sound_effect",
        "id" : "fire_gun_distant",
        "volume" : 40,
        "variant" : "pistol_flintlock_revolver",
        "files" : [
            "guns/flintlock/flintlock_1.ogg",
			"guns/flintlock/flintlock_2.ogg",
			"guns/flintlock/flintlock_3.ogg",
			"guns/flintlock/flintlock_4.ogg",
			"guns/flintlock/flintlock_5.ogg"
        ]
    },
    {
        "type": "sound_effect",
        "id" : "reload",
        "volume" : 90,
        "variant" : "pistol_flintlock_revolver",
        "files" : [
            "guns/reload/others/flintlock.ogg"
        ]
    },
    {
        "type": "sound_effect",
        "id" : "fire_gun",
        "volume" : 100,
        "variant" : "lemat_revolver_flintlock",
        "files" : [
            "guns/flintlock/flintlock_1.ogg",
			"guns/flintlock/flintlock_2.ogg",
			"guns/flintlock/flintlock_3.ogg",
			"guns/flintlock/flintlock_4.ogg",
			"guns/flintlock/flintlock_5.ogg"
        ]
    },
	{
        "type": "sound_effect",
        "id" : "fire_gun_distant",
        "volume" : 40,
        "variant" : "lemat_revolver_flintlock",
        "files" : [
            "guns/flintlock/flintlock_1.ogg",
			"guns/flintlock/flintlock_2.ogg",
			"guns/flintlock/flintlock_3.ogg",
			"guns/flintlock/flintlock_4.ogg",
			"guns/flintlock/flintlock_5.ogg"
        ]
    },
    {
        "type": "sound_effect",
        "id" : "reload",
        "volume" : 90,
        "variant" : "lemat_revolver_flintlock",
        "files" : [
            "guns/reload/others/flintlock.ogg"
        ]
    },
  {
        "type": "sound_effect",
        "id" : "fire_gun",
        "volume" : 100,
        "variant" : "lemat_revolver_flintlock_shotgun",
        "files" : [
            "guns/flintlock/flintlock_1.ogg",
			"guns/flintlock/flintlock_2.ogg",
			"guns/flintlock/flintlock_3.ogg",
			"guns/flintlock/flintlock_4.ogg",
			"guns/flintlock/flintlock_5.ogg"
        ]
    },
	{
        "type": "sound_effect",
        "id" : "fire_gun_distant",
        "volume" : 40,
        "variant" : "lemat_revolver_flintlock_shotgun",
        "files" : [
            "guns/flintlock/flintlock_1.ogg",
			"guns/flintlock/flintlock_2.ogg",
			"guns/flintlock/flintlock_3.ogg",
			"guns/flintlock/flintlock_4.ogg",
			"guns/flintlock/flintlock_5.ogg"
        ]
    },
    {
        "type": "sound_effect",
        "id" : "reload",
        "volume" : 90,
        "variant" : "lemat_revolver_flintlock_shotgun",
        "files" : [
            "guns/reload/rifle_s/rifle_1.ogg",
			"guns/reload/rifle_s/rifle_2.ogg",
			"guns/reload/rifle_s/rifle_3.ogg",
			"guns/reload/rifle_s/rifle_4.ogg",
			"guns/reload/rifle_s/rifle_5.ogg"
        ]
    },
  {
        "type": "sound_effect",
        "id" : "fire_gun",
        "volume" : 100,
        "variant" : "blunderlock",
        "files" : [
            "guns/flintlock/flintlock_1.ogg",
			"guns/flintlock/flintlock_2.ogg",
			"guns/flintlock/flintlock_3.ogg",
			"guns/flintlock/flintlock_4.ogg",
			"guns/flintlock/flintlock_5.ogg"
        ]
    },
	{
        "type": "sound_effect",
        "id" : "fire_gun_distant",
        "volume" : 40,
        "variant" : "blunderlock",
        "files" : [
            "guns/flintlock/flintlock_1.ogg",
			"guns/flintlock/flintlock_2.ogg",
			"guns/flintlock/flintlock_3.ogg",
			"guns/flintlock/flintlock_4.ogg",
			"guns/flintlock/flintlock_5.ogg"
        ]
    },
    {
        "type": "sound_effect",
        "id" : "reload",
        "volume" : 90,
        "variant" : "blunderlock",
        "files" : [
            "guns/reload/rifle_s/rifle_1.ogg",
			"guns/reload/rifle_s/rifle_2.ogg",
			"guns/reload/rifle_s/rifle_3.ogg",
			"guns/reload/rifle_s/rifle_4.ogg",
			"guns/reload/rifle_s/rifle_5.ogg"
        ]
    },
	{
        "type": "sound_effect",
        "id" : "fire_gun",
        "volume" : 100,
        "variant" : "flint_nock",
        "files" : [
            "guns/flintlock/flintlock_1.ogg",
			"guns/flintlock/flintlock_2.ogg",
			"guns/flintlock/flintlock_3.ogg",
			"guns/flintlock/flintlock_4.ogg",
			"guns/flintlock/flintlock_5.ogg"
        ]
    },
	{
        "type": "sound_effect",
        "id" : "fire_gun_distant",
        "volume" : 40,
        "variant" : "flint_nock",
        "files" : [
            "guns/flintlock/flintlock_1.ogg",
			"guns/flintlock/flintlock_2.ogg",
			"guns/flintlock/flintlock_3.ogg",
			"guns/flintlock/flintlock_4.ogg",
			"guns/flintlock/flintlock_5.ogg"
        ]
    },
    {
        "type": "sound_effect",
        "id" : "reload",
        "volume" : 90,
        "variant" : "flint_nock",
        "files" : [
            "guns/reload/rifle_s/rifle_1.ogg",
			"guns/reload/rifle_s/rifle_2.ogg",
			"guns/reload/rifle_s/rifle_3.ogg",
			"guns/reload/rifle_s/rifle_4.ogg",
			"guns/reload/rifle_s/rifle_5.ogg"
        ]
    },
	{
        "type": "sound_effect",
        "id" : "fire_gun",
        "volume" : 100,
        "variant" : "underbarrel_ashot",
        "files" : [
            "guns/00shot/00shot1.ogg",
			"guns/00shot/00shot2.ogg",
			"guns/00shot/00shot3.ogg",
			"guns/00shot/00shot4.ogg",
			"guns/00shot/00shot5.ogg"
        ]
    },
	{
        "type": "sound_effect",
        "id" : "fire_gun_distant",
        "volume" : 60,
        "variant" : "underbarrel_ashot",
        "files" : [
            "guns/00shot/00shot1.ogg",
			"guns/00shot/00shot2.ogg",
			"guns/00shot/00shot3.ogg",
			"guns/00shot/00shot4.ogg",
			"guns/00shot/00shot5.ogg"
        ]
    },
    {
        "type": "sound_effect",
        "id" : "reload",
        "volume" : 90,
        "variant" : "underbarrel_ashot",
        "files" : [
            "guns/reload/shotgun/pumpreload1.ogg",
			"guns/reload/shotgun/pumpreload2.ogg",
			"guns/reload/shotgun/pumpreload3.ogg",
			"guns/reload/shotgun/pumpreload4.ogg",
			"guns/reload/shotgun/pumpreload5.ogg"
        ]
    },
    {
        "type": "sound_effect",
        "id" : "fire_gun",
        "volume" : 100,
        "variant" : "plant_zhigh",
        "files" : [
            "guns/others/tihar_1.ogg",
			"guns/others/tihar_2.ogg"
        ]
    },
	{
        "type": "sound_effect",
        "id" : "fire_gun_distant",
        "volume" : 40,
        "variant" : "plant_zhigh",
        "files" : [
            "guns/others/tihar_1.ogg",
			"guns/others/tihar_2.ogg"
        ]
    },
	{
        "type": "sound_effect",
        "id" : "fire_gun",
        "volume" : 100,
        "variant" : "megaphone_zhigh",
        "files" : [
			"vehicle/misc/horn_loud.ogg",
			"vehicle/misc/car_alarm.ogg"
        ]
    },
	{
        "type": "sound_effect",
        "id" : "fire_gun_distant",
        "volume" : 60,
        "variant" : "megaphone_zhigh",
        "files" : [
			"vehicle/misc/horn_loud.ogg",
			"vehicle/misc/car_alarm.ogg"
        ]
    },
    {
        "type": "sound_effect",
        "id" : "reload",
        "volume" : 90,
        "variant" : "megaphone_zhigh",
        "files" : [
            "guns/reload/shotgun/pumpreload1.ogg",
			"guns/reload/shotgun/pumpreload2.ogg",
			"guns/reload/shotgun/pumpreload3.ogg",
			"guns/reload/shotgun/pumpreload4.ogg",
			"guns/reload/shotgun/pumpreload5.ogg"
        ]
    },
    {
        "type": "sound_effect",
        "id" : "fire_gun",
        "volume" : 90,
        "variant" : "nailsmg",
        "files" : [
            "guns/nail/nailgun_1.ogg",
			"guns/nail/nailgun_2.ogg"
        ]
    },
	{
        "type": "sound_effect",
        "id" : "fire_gun_distant",
        "volume" : 40,
        "variant" : "nailsmg",
        "files" : [
            "guns/nail/nailgun_1.ogg",
			"guns/nail/nailgun_2.ogg"
        ]
    },
    {
        "type": "sound_effect",
        "id" : "reload",
        "volume" : 90,
        "variant" : "nailsmg",
        "files" : [
            "guns/reload/others/bbgun.ogg"
        ]
    },
    {
        "type": "sound_effect",
        "id" : "fire_gun",
        "volume" : 100,
        "variant" : "roman_candle",
        "files" : [
            "guns/flare/flare.ogg"
        ]
    },
	{
        "type": "sound_effect",
        "id" : "fire_gun_distant",
        "volume" : 40,
        "variant" : "roman_candle",
        "files" : [
            "guns/flare/flare.ogg"
        ]
    },
    {
        "type": "sound_effect",
        "id" : "reload",
        "volume" : 90,
        "variant" : "roman_candle",
        "files" : [
            "guns/reload/flare/flare.ogg"
        ]
    },
    {
        "type": "sound_effect",
        "id" : "fire_gun",
        "volume" : 100,
        "variant" : "paintballgun_pistol",
        "files" : [
            "guns/others/bbgun_1.ogg",
			"guns/others/bbgun_2.ogg"
        ]
    },
	{
        "type": "sound_effect",
        "id" : "fire_gun_distant",
        "volume" : 40,
        "variant" : "paintballgun_pistol",
        "files" : [
            "guns/others/bbgun_1.ogg",
			"guns/others/bbgun_2.ogg"
        ]
    },
    {
        "type": "sound_effect",
        "id" : "reload",
        "volume" : 90,
        "variant" : "paintballgun_pistol",
        "files" : [
            "guns/reload/others/bbgun.ogg"
        ]
    },
    {
        "type": "sound_effect",
        "id" : "fire_gun",
        "volume" : 100,
        "variant" : "bangstik",
        "files" : [
            "guns/454/454.ogg"
        ]
    },
	{
        "type": "sound_effect",
        "id" : "fire_gun_distant",
        "volume" : 60,
        "variant" : "bangstik",
        "files" : [
            "guns/454/454.ogg"
        ]
    },
    {
        "type": "sound_effect",
        "id" : "reload",
        "volume" : 90,
        "variant" : "bangstik",
        "files" : [
            "guns/reload/shotgun/pumpreload1.ogg",
			"guns/reload/shotgun/pumpreload2.ogg",
			"guns/reload/shotgun/pumpreload3.ogg",
			"guns/reload/shotgun/pumpreload4.ogg",
			"guns/reload/shotgun/pumpreload5.ogg",
            "guns/reload/revolver/revolver_1.ogg",
			"guns/reload/revolver/revolver_2.ogg",
			"guns/reload/revolver/revolver_3.ogg",
			"guns/reload/revolver/revolver_4.ogg",
			"guns/reload/revolver/revolver_5.ogg"
        ]
    },
    {
        "type": "sound_effect",
        "id" : "fire_gun",
        "volume" : 100,
        "variant" : "shotgun_d_paint",
        "files" : [
            "guns/others/bbgun_1.ogg",
			"guns/others/bbgun_2.ogg"
        ]
    },
	{
        "type": "sound_effect",
        "id" : "fire_gun_distant",
        "volume" : 40,
        "variant" : "shotgun_d_paint",
        "files" : [
            "guns/others/bbgun_1.ogg",
			"guns/others/bbgun_2.ogg"
        ]
    },
    {
        "type": "sound_effect",
        "id" : "reload",
        "volume" : 90,
        "variant" : "shotgun_d_paint",
        "files" : [
            "guns/reload/shotgun/pumpreload1.ogg",
			"guns/reload/shotgun/pumpreload2.ogg",
			"guns/reload/shotgun/pumpreload3.ogg",
			"guns/reload/shotgun/pumpreload4.ogg",
			"guns/reload/shotgun/pumpreload5.ogg"
        ]
    },
    {
        "type": "sound_effect",
        "id" : "fire_gun",
        "volume" : 100,
        "variant" : "rock_launcher",
        "files" : [
            "guns/others/bbgun_1.ogg",
			"guns/others/bbgun_2.ogg",
			"guns/others/slingshot.ogg",
			"guns/others/throw.ogg"
        ]
    },
	{
        "type": "sound_effect",
        "id" : "fire_gun_distant",
        "volume" : 40,
        "variant" : "rock_launcher",
        "files" : [
            "guns/others/bbgun_1.ogg",
			"guns/others/bbgun_2.ogg",
			"guns/others/slingshot.ogg",
			"guns/others/throw.ogg"
        ]
    },
    {
        "type": "sound_effect",
        "id" : "reload",
        "volume" : 90,
        "variant" : "rock_launcher",
        "files" : [
            "guns/reload/shotgun/pumpreload1.ogg",
			"guns/reload/shotgun/pumpreload2.ogg",
			"guns/reload/shotgun/pumpreload3.ogg",
			"guns/reload/shotgun/pumpreload4.ogg",
			"guns/reload/shotgun/pumpreload5.ogg"
        ]
    },
	{ 
        "type": "sound_effect",
        "id" : "fire_gun",
        "volume" : 20,
        "variant" : "bbM134",
        "files" : [
            "guns/others/tihar_1.ogg",
			"guns/others/tihar_2.ogg"
        ]
    },
	{ 
        "type": "sound_effect",
        "id" : "fire_gun_distant",
        "volume" : 10,
        "variant" : "bbM134",
        "files" : [
            "guns/others/tihar_1.ogg",
			"guns/others/tihar_2.ogg"
        ]
    },
    {
        "type": "sound_effect",
        "id" : "reload",
        "volume" : 100,
        "variant" : "bbM134",
        "files" : [
            "guns/reload/others/hellsing.ogg"
        ]
    },
    {
        "type": "sound_effect",
        "id" : "fire_gun",
        "volume" : 100,
        "variant" : "bbM4",
        "files" : [
            "guns/others/bbgun_1.ogg",
			"guns/others/bbgun_2.ogg"
        ]
    },
	{
        "type": "sound_effect",
        "id" : "fire_gun_distant",
        "volume" : 40,
        "variant" : "bbM4",
        "files" : [
            "guns/others/bbgun_1.ogg",
			"guns/others/bbgun_2.ogg"
        ]
    },
    {
        "type": "sound_effect",
        "id" : "reload",
        "volume" : 90,
        "variant" : "bbM4",
        "files" : [
            "guns/reload/others/bbgun.ogg"
        ]
    },
    {
        "type": "sound_effect",
        "id" : "fire_gun",
        "volume" : 90,
        "variant" : "tazer",
        "files" : [
            "bionics/elec_discharge.ogg",
            "bionics/elec_blast.ogg",
            "bionics/elec_crackle_high_1.ogg",
			"bionics/elec_crackle_high_2.ogg",
			"bionics/elec_crackle_low.ogg"
        ]
    },
	{
        "type": "sound_effect",
        "id" : "fire_gun_distant",
        "volume" : 40,
        "variant" : "tazer",
        "files" : [
            "bionics/elec_discharge.ogg",
            "bionics/elec_blast.ogg",
            "bionics/elec_crackle_high_1.ogg",
			"bionics/elec_crackle_high_2.ogg",
			"bionics/elec_crackle_low.ogg"
        ]
    },
    {
        "type": "sound_effect",
        "id" : "reload",
        "volume" : 90,
        "variant" : "tazer",
        "files" : [
            "guns/reload/pistol_h/pistol_1.ogg",
			"guns/reload/pistol_h/pistol_2.ogg",
			"guns/reload/pistol_h/pistol_3.ogg",
			"guns/reload/pistol_h/pistol_4.ogg",
			"guns/reload/pistol_h/pistol_5.ogg"
        ]
    },
    {
        "type": "sound_effect",
        "id" : "fire_gun",
        "volume" : 90,
        "variant" : "throwing_knife_scrap",
        "files" : [
            "guns/others/throw.ogg"
        ]
    },
	{
        "type": "sound_effect",
        "id" : "fire_gun_distant",
        "volume" : 40,
        "variant" : "throwing_knife_scrap",
        "files" : [
            "guns/others/throw.ogg"
        ]
    },
    {
        "type": "sound_effect",
        "id" : "fire_gun",
        "volume" : 100,
        "variant" : "bbsmg",
        "files" : [
            "guns/others/bbgun_1.ogg",
			"guns/others/bbgun_2.ogg"
        ]
    },
	{
        "type": "sound_effect",
        "id" : "fire_gun_distant",
        "volume" : 40,
        "variant" : "bbsmg",
        "files" : [
            "guns/others/bbgun_1.ogg",
			"guns/others/bbgun_2.ogg"
        ]
    },
    {
        "type": "sound_effect",
        "id" : "reload",
        "volume" : 90,
        "variant" : "bbsmg",
        "files" : [
            "guns/reload/others/bbgun.ogg"
        ]
    }
]