[
  {
    "id": "hair_ponytail",
    "//": "This trait flag is used by cosmetic trait JSON, with no hardcode usage at present.",
    "type": "mutation_flag"
  },
  {
    "id": "hair_green",
    "//": "This trait flag is used by cosmetic trait JSON, with no hardcode usage at present.",
    "type": "mutation_flag"
  },
  {
    "id": "hair_pink",
    "//": "This trait flag is used by cosmetic trait JSON, with no hardcode usage at present.",
    "type": "mutation_flag"
  },
  {
    "id": "hair_orange",
    "//": "This trait flag is used by cosmetic trait JSON, with no hardcode usage at present.",
    "type": "mutation_flag"
  },
  {
    "id": "hair_blue",
    "//": "This trait flag is used by cosmetic trait JSON, with no hardcode usage at present.",
    "type": "mutation_flag"
  }
]