[
  {
    "type": "mod_tileset",
    "compatibility": [
      "Chibi_Ultica",
      "UltimateCataclysm",
      "MshockXottoplus",
      "UNDEAD_PEOPLE",
      "UNDEAD_PEOPLE_BASE",
      "UNDEAD_PEOPLE_LEGACY",
      "UlticaShell",
      "MshockXottoplus12",
      "MSX++DEAD_PEOPLE",
      "MXplus12_for_cosmetics",
      "MSXotto+"
    ],
    "tiles-new": [
      {
        "file": "Zhigh_items2.png",
        "tiles": [
          { "id": "overlay_wielded_improvised_colabomb", "fg": 1 },
          { "id": "improvised_colabomb", "fg": 2 },
          { "id": "overlay_wielded_improvised_colabomb_act", "fg": 3 },
          { "id": "improvised_colabomb_act", "fg": 4 },
          { "id": "overlay_worn_glassesZhighred", "fg": 7 },
          { "id": "glassesZhighred", "fg": 8 },
          { "id": "overlay_worn_improvised_ski_jacket_archer", "fg": 9 },
          { "id": "ski_jacket_archer", "fg": 10 },
          { "id": "overlay_wielded_ice_gun", "fg": 11 },
          { "id": "ice_gun", "fg": 12 },
          { "id": "overlay_wielded_knife_trenchScrap", "fg": 15 },
          { "id": "overlay_wielded_knife_trench_bashScrap", "fg": 16 },
          { "id": "overlay_worn_medikitRecharge", "fg": 17 },
          { "id": "shortsGreen", "fg": 18 },
          { "id": "overlay_worn_shortsGreen", "fg": 19 },
          { "id": "bbpistol", "fg": 20 },
          { "id": "overlay_wielded_bbpistol", "fg": 21 },
          { "id": "bot_enz_hack", "fg": 22 },
          { "id": "overlay_wielded_bot_enz_hack", "fg": 23 },
          { "id": "mon_enz_hack", "fg": 24 },
          { "id": "broken_enz_hack", "fg": 25 },
          { "id": "overlay_wielded_broken_enz_hack", "fg": 26 },
          { "id": "bot_heal_drone", "fg": 27 },
          { "id": "overlay_wielded_bot_heal_drone", "fg": 28 },
          { "id": "mon_heal_drone", "fg": 29 },
          { "id": "broken_heal_drone", "fg": 30 },
          { "id": "overlay_wielded_broken_heal_drone", "fg": 31 },
          { "id": "bot_attack_drone", "fg": 32 },
          { "id": "overlay_wielded_bot_attack_drone", "fg": 33 },
          { "id": "mon_attack_drone", "fg": 34 },
          { "id": "broken_attack_drone", "fg": 35 },
          { "id": "overlay_wielded_broken_attack_drone", "fg": 36 },
          { "id": "overlay_worn_respirator", "fg": 37 },
          { "id": "respirator", "fg": 38 },
          { "id": "overlay_worn_apron_color", "fg": 39 },
          { "id": "apron_color", "fg": 40 },
          { "id": "jacketSecurity", "fg": 41 },
          { "id": "overlay_worn_jacketSecurity", "fg": 42 },
          { "id": "pantsSecurity", "fg": 43 },
          { "id": "overlay_worn_pantsSecurity", "fg": 44 },
          { "id": "overlay_wielded_surfboard", "fg": 45 },
          { "id": "overlay_wielded_skateboard", "fg": 46 },
          { "id": "overlay_wielded_skateboard_conan", "fg": 47 },
          { "id": "skirt_zhigh_cheer", "fg": 48 },
          { "id": "overlay_worn_skirt_zhigh_cheer", "fg": 49 },
          { "id": "tubeSwim", "fg": 50 },
          { "id": "overlay_worn_tubeSwim", "fg": 51 },
          { "id": "overlay_worn_XmasHat", "fg": 52 },
          { "id": "XmasHat", "fg": 53 },
          { "id": "overlay_worn_BBallglove", "fg": 54 },
          { "id": "overlay_wielded_BBallglove", "fg": 54 },
          { "id": "BBallglove", "fg": 55 },
          { "id": "overlay_wielded_rock_launcher", "fg": 56 },
          { "id": "rock_launcher", "fg": 57 }
        ],
        "//": "range 1 to 128",
        "sprite_width": 32,
        "sprite_height": 32,
        "sprite_offset_x": 0,
        "sprite_offset_y": 0
      }
    ]
  }
]