[
  {
    "id": "mon_enz_hack",
    "type": "MONSTER",
    "name": "Enz",
    "copy-from": "base_drone",
    "description": "An automated anti-personnel drone, a small quadcopter robot surrounded by whirring blades.",
    "diff": 6,
    "dodge": 7,
    "speed": 250,
    "color": "light_blue",
    "melee_skill": 10,
    "melee_dice": 2,
    "melee_dice_sides": 4,
    "melee_cut": 12,
    "armor_bash": 2,
    "armor_bullet": 6,
    "armor_fire": 3,
    "hp": 90,
    "revert_to_itype": "bot_enz_hack",
    "symbol": "+",
    "vision_day": 20,
    "vision_night": 20,
    "special_attacks": [
      {
        "type": "gun",
        "cooldown": 3,
        "move_cost": 30,
        "gun_type": "fakeAdvBBgun_zhigh",
        "fake_skills": [ [ "gun", 8 ], [ "smg", 8 ] ],
        "fake_dex": 12,
        "fake_per": 12,
        "require_targeting_player": false,
        "require_targeting_npc": true,
        "require_targeting_monster": true,
        "description": "Enz launches a hail of BBs!",
        "ranges": [ [ 0, 15, "DEFAULT" ] ]
      }
    ],
    "special_when_hit": [ "RETURN_FIRE", 100 ],
    "death_drops": { "groups": [ [ "robots", 4 ], [ "manhack", 1 ] ] },
    "death_function": [ "BROKEN" ],
    "flags": [ "SEES", "FLIES", "NOHEAD", "ELECTRONIC", "NO_BREATHE", "BIOPROOF", "HARDTOSHOOT" ]
  },
  {
    "id": "fakeAdvBBgun_zhigh",
    "type": "GUN",
    "copy-from": "fake_item",
    "name": { "str_sp": "mounted BB machine gun" },
    "description": "Fake gun for Enz manhack.",
    "range": 20,
    "ranged_damage": { "damage_type": "bash", "amount": 2, "armor_penetration": 2 },
    "dispersion": 10,
    "durability": 10,
    "skill": "smg",
    "loudness": 5,
    "ammo_effects": [ "BEANBAG", "LASER", "TANGLE", "BOUNCE", "LIGHTNING", "NEVER_MISFIRES", "NO_DAMAGE_SCALING" ],
    "modes": [ [ "DEFAULT", "full auto", 6 ] ],
    "flags": [ "NEVER_JAMS" ]
  },
  {
    "id": "mon_attack_drone",
    "type": "MONSTER",
    "name": "attack drone",
    "copy-from": "base_drone",
    "description": "An automated anti-personnel drone, a small quadcopter robot surrounded by whirring blades and an improvised firearm.",
    "diff": 6,
    "dodge": 5,
    "speed": 200,
    "color": "light_blue",
    "melee_skill": 10,
    "melee_dice": 2,
    "melee_dice_sides": 4,
    "melee_cut": 12,
    "armor_bash": 6,
    "armor_bullet": 8,
    "armor_fire": 3,
    "hp": 120,
    "revert_to_itype": "bot_attack_drone",
    "symbol": "+",
    "vision_day": 20,
    "vision_night": 20,
    "special_attacks": [
      {
        "type": "gun",
        "cooldown": 3,
        "move_cost": 3,
        "gun_type": "fakeBBgun_zhigh",
        "fake_skills": [ [ "gun", 8 ], [ "smg", 8 ] ],
        "fake_dex": 12,
        "fake_per": 12,
        "laser_lock": true,
        "targeting_cost": 35,
        "targeting_sound": "\"Tango Locked, Engaging. Light support engaging.\"",
        "targeting_volume": 30,
        "require_targeting_player": false,
        "require_targeting_npc": true,
        "require_targeting_monster": true,
        "description": "Attack drone launches a hail of BBs!",
        "ranges": [ [ 0, 20, "DEFAULT" ] ]
      }
    ],
    "special_when_hit": [ "RETURN_FIRE", 100 ],
    "death_drops": { "groups": [ [ "robots", 4 ], [ "manhack", 1 ] ] },
    "death_function": [ "BROKEN" ],
    "flags": [ "SEES", "FLIES", "NOHEAD", "ELECTRONIC", "NO_BREATHE", "BIOPROOF", "HARDTOSHOOT" ]
  },
  {
    "id": "fakeBBgun_zhigh",
    "type": "GUN",
    "copy-from": "fake_item",
    "name": { "str_sp": "mounted BB machine gun" },
    "description": "Fake gun for an Attack Drone.",
    "range": 24,
    "ranged_damage": { "damage_type": "bullet", "amount": 4, "armor_penetration": 3 },
    "dispersion": 10,
    "durability": 10,
    "skill": "smg",
    "loudness": 5,
    "ammo_effects": [ "LASER", "NEVER_MISFIRES" ],
    "modes": [ [ "DEFAULT", "full auto", 9 ] ],
    "flags": [ "NEVER_JAMS" ]
  },
  {
    "id": "fakeBBgunV2_zhigh",
    "type": "GUN",
    "copy-from": "fake_item",
    "name": { "str_sp": "mounted BB cannon" },
    "description": "Fake gun for an Attack Drone.",
    "range": 40,
    "ranged_damage": { "damage_type": "bullet", "amount": 10, "armor_penetration": 5 },
    "dispersion": 10,
    "durability": 10,
    "skill": "rifle",
    "loudness": 5,
    "ammo_effects": [ "FRAG", "LASER", "NEVER_MISFIRES", "NO_DAMAGE_SCALING" ],
    "modes": [ [ "DEFAULT", "single", 1 ] ],
    "flags": [ "NEVER_JAMS" ]
  }
]