[
  {
    "id": "ZhighItemGroupsNumbers",
    "type": "item_group",
    "items": [
      { "group": "ZhighItemGroups", "prob": 100, "count": [ 20, 40 ] }
    ]
  },
  {
    "id": "ZhighScienceGroupsNumbers",
    "type": "item_group",
    "subtype": "collection",
    "entries": [
      { "group": "supplies_reagents_lab", "prob": 40, "count": [ 20, 40 ] },
      { "group": "chem_school", "prob": 90, "count": [ 20, 40 ] },
      { "group": "chem_lab", "prob": 30, "count": [ 20, 40 ] },
      { "group": "surgery", "prob": 30, "count": [ 20, 40 ] }
    ]
  },
  {
    "id": "ZhighFoodGroupsNumbers",
    "type": "item_group",
    "subtype": "collection",
    "entries": [
      { "group": "irradiated_food", "prob": 40, "count": [ 20, 40 ] },
      { "group": "fast_food", "prob": 90, "count": [ 20, 40 ] },
      { "group": "preserved_food", "prob": 30, "count": [ 20, 40 ] },
      { "group": "condiments", "prob": 40, "count": [ 20, 40 ] },
      { "group": "cannedfood", "prob": 40, "count": [ 20, 40 ] },
      { "group": "foodintincan", "prob": 50, "count": [ 20, 40 ] },
      { "group": "pasta", "prob": 50, "count": [ 20, 40 ] },
      { "group": "pantry_liquids", "prob": 20, "count": [ 20, 40 ] },
      { "group": "softdrinks_canned", "prob": 90, "count": [ 80, 90 ] },
      { "group": "snacks", "prob": 90, "count": [ 80, 90 ] },
      { "group": "MRE", "prob": 100, "count": [ 20, 40 ] },
      { "group": "dry_goods", "prob": 30, "count": [ 20, 40 ] }
    ]
  },
  {
    "id": "ZhighDrinksGroupsNumbers",
    "type": "item_group",
    "subtype": "collection",
    "entries": [
      { "group": "fridge_drinks_random", "prob": 40, "count": [ 20, 40 ] },
      { "group": "softdrinks_canned", "prob": 40, "count": [ 20, 40 ] },
      { "group": "dry_goods", "prob": 30, "count": [ 20, 40 ] }
    ]
  },
  {
    "id": "ZhighMedsGroupsNumbers",
    "type": "item_group",
    "subtype": "collection",
    "entries": [
      { "group": "drugs_heal_simple", "prob": 100, "count": [ 70, 90 ] },
      { "group": "drugs_antibiotics", "prob": 100, "count": [ 30, 40 ] },
      { "group": "softdrugs", "prob": 80, "count": [ 30, 40 ] },
      { "group": "drugs_emergency", "prob": 60, "count": [ 30, 40 ] },
      { "group": "drugs_misc", "prob": 100, "count": [ 30, 40 ] }
    ]
  },
  {
    "type": "item_group",
    "id": "ZhighSportingGroupsNumbers",
    "ammo": 95,
    "magazine": 100,
    "subtype": "distribution",
    "entries": [
      { "group": "sports", "prob": 2290 },
      { "group": "camping", "prob": 1284 },
      { "item": "ski_jacket", "prob": 5 },
      { "item": "sports_drink", "prob": 20 },
      { "group": "book_mag_combat", "prob": 105 },
      { "group": "book_mag_surv", "prob": 50 },
      { "item": "mag_firstaid", "prob": 15 },
      { "item": "manual_swimming", "prob": 10 },
      { "item": "manual_bashing", "prob": 1 },
      { "item": "sunglasses", "prob": 20 },
      { "item": "fitover_sunglasses", "prob": 10 },
      { "item": "can_sealer", "prob": 5 },
      { "item": "multitool", "prob": 12 },
      { "item": "throwing_knife", "prob": 7 },
      { "item": "slingpack", "prob": 18 },
      { "item": "manual_cutting", "prob": 12 },
      { "item": "manual_launcher", "prob": 1 },
      { "item": "recipe_bullets", "prob": 8 },
      { "item": "howto_traps", "prob": 16 },
      { "item": "extinguisher", "prob": 20 },
      { "item": "quiver_large", "prob": 1 },
      { "item": "manual_archery", "prob": 7 },
      { "item": "book_archery", "prob": 12 },
      { "item": "protein_shake", "prob": 15 },
      { "item": "sm_extinguisher", "prob": 10 },
      { "item": "quikclot", "prob": 10 },
      { "item": "bfipowder", "prob": 15 },
      { "item": "speargun", "prob": 10 },
      { "item": "minispeargun", "prob": 10 },
      { "item": "doublespeargun", "prob": 8 },
      { "item": "airspeargun", "prob": 8 },
      { "item": "fishspear", "prob": 12 },
      { "item": "m_fishspear", "prob": 10 },
      { "item": "c_fishspear", "prob": 10 },
      { "item": "diveknife", "prob": 12 },
      { "item": "pants_tracksuit_zhigh", "prob": 30 },
      { "item": "jacket_tracksuit_zhigh", "prob": 30 },
      { "item": "shorts_tracksuit_zhigh", "prob": 30 },
      { "item": "small_repairkit", "prob": 2 },
      { "item": "slingshot", "prob": 10 },
      { "item": "wristrocket", "prob": 5 },
      { "item": "bandolier_wrist", "prob": 30 }
    ]
  },
  {
    "type": "item_group",
    "id": "ZhighItemGroups",
    "ammo": 95,
    "magazine": 100,
    "//": "Small common items carried in a person's pockets, purse, etc. Cash card at roughly 50%.",
    "items": [
      [ "medikitRecharge", 5 ],
      [ "zhigh_smart_phone", 200 ],
      { "item": "cig", "prob": 30, "charges-min": 17, "charges-max": 20 },
      [ "lighter", 200 ],
      [ "pencil", 10 ],
      [ "ref_lighter", 50 ],
      [ "matches", 50 ],
      [ "permanent_marker", 10 ],
      [ "dog_whistle", 5 ],
      [ "frisbee", 10 ],
      [ "disc_golf", 10 ],
      [ "flask_hip", 10 ],
      [ "ear_spool", 10 ],
      [ "glowstick", 60 ],
      [ "balloon", 20 ],
      [ "condom", 1 ],
      [ "folding_bicycle", 1 ],
      [ "flashlight_hk", 10 ],
      [ "pockknife", 50 ],
      [ "knife_folding", 30 ],
      [ "cash_gun", 5 ],
      [ "frog_umbrella_close", 20 ],
      [ "medikit1", 40 ],
      [ "medikit2", 10 ],
      [ "medikit3", 5 ],
      [ "aspirin", 100 ],
      [ "vitamins", 100 ],
      [ "eyedrops", 50 ],
      [ "inhaler", 50 ],
      [ "flashlight", 50 ],
      [ "heavy_flashlight", 15 ],
      [ "camera", 30 ],
      [ "camera_pro", 5 ],
      [ "cardmultitool", 30 ],
      [ "water_gun", 15 ],
      [ "mobile_memory_card", 50 ],
      [ "usb_drive", 50 ],
      [ "mp3", 20 ],
      [ "vibrator", 5 ],
      [ "gum", 50 ],
      { "group": "ammo_pocket_batteries", "prob": 50 },
      [ "wrapper", 50 ],
      [ "string_6", 50 ],
      [ "pocket_firstaid", 5 ],
      [ "pocket_survival", 5 ],
      [ "pocket_firearms", 5 ],
      [ "survival_kit", 5 ],
      [ "premium_survival_kit", 2 ],
      [ "thermos", 5 ],
      [ "claw_bar", 3 ],
      [ "tonfa", 5 ],
      [ "tonfa_wood", 8 ],
      [ "blackjack", 5 ],
      [ "superglue", 30 ],
      { "group": "trash", "prob": 30 },
      { "group": "gear_survival", "prob": 5 },
      { "group": "archery", "prob": 60 },
      { "group": "archery_ammo", "prob": 60 },
      { "group": "archery_mods", "prob": 30 },
      { "group": "prison_textile", "prob": 7, "damage": [ 1, 2 ] },
      { "group": "novels", "prob": 10 },
      { "group": "sports", "prob": 200 },
      { "group": "weapons", "prob": 1 },
      { "group": "stoner", "prob": 1 },
      { "group": "cannedfood", "prob": 10, "count": [ 1, 3 ] },
      { "group": "candy_chocolate", "prob": 360 },
      [ "toastem", 10 ],
      [ "toastem2", 10 ],
      [ "toastem3", 12 ],
      [ "cookies", 80 ],
      [ "bat", 30 ],
      { "group": "softdrinks_canned", "prob": 55 },
      { "item": "cola", "prob": 6, "container-item": "bottle_plastic" },
      { "item": "creamsoda", "prob": 6, "container-item": "bottle_plastic" },
      { "item": "lemonlime", "prob": 6, "container-item": "bottle_plastic" },
      { "item": "orangesoda", "prob": 5, "container-item": "bottle_plastic" },
      { "item": "colamdew", "prob": 7, "container-item": "bottle_plastic" },
      { "item": "cola", "prob": 4, "container-item": "bottle_twoliter" },
      { "item": "creamsoda", "prob": 4, "container-item": "bottle_twoliter" },
      { "item": "lemonlime", "prob": 4, "container-item": "bottle_twoliter" },
      { "item": "orangesoda", "prob": 3, "container-item": "bottle_twoliter" },
      { "item": "colamdew", "prob": 5, "container-item": "bottle_twoliter" },
      { "item": "large_repairkit", "prob": 5 },
      { "item": "small_repairkit", "prob": 5 },
      [ "backpack", 38 ],
      [ "slingpack", 19 ],
      [ "travelpack", 10 ],
      [ "petpack", 1 ],
      [ "pockknife", 14 ],
      [ "roller_shoes_off", 10 ],
      [ "dress_shoes", 10 ],
      [ "adv_UPS_off", 20 ],
      [ "knife_swissarmy", 10 ],
      [ "hairpin", 15 ],
      [ "longbow", 15 ],
      [ "compbow", 15 ],
      [ "bow_sight", 10 ],
      [ "arrow_wood", 17 ],
      [ "arrow_cf", 15 ],
      [ "bullwhip", 1 ],
      [ "rock_launcher", 1 ],
      [ "grapnel", 1 ],
      [ "manual_mcmap", 1 ],
      [ "retool_bolt", 1 ],
      [ "sheath", 5 ],
      [ "skateboard", 1 ],
      [ "surfboard", 1 ],
      [ "bootsheath", 3 ],
      [ "bow_stabilizer", 1 ],
      [ "arrowrest", 1 ],
      [ "shortbow", 1 ],
      [ "compositebow", 2 ],
      [ "vambrace_larmor", 1 ],
      [ "quiver", 3 ],
      [ "fc_hairpin", 1 ],
      [ "wristwatch", 10 ],
      { "group": "kids_books", "prob": 55 },
      [ "novel_pulp", 16 ],
      [ "radio_car_box", 1 ],
      [ "whistle", 3 ],
      [ "frisbee", 20 ],
      [ "dnd_handbook", 1 ],
      [ "deck_of_cards", 1 ],
      [ "milkshake_fastfood", 3 ],
      [ "energy_drink", 55 ],
      [ "energy_drink_atomic", 12 ],
      [ "mag_computer", 45 ],
      [ "mag_electronics", 25 ],
      [ "colamdew", 50 ],
      [ "whistle_multitool", 5 ],
      [ "fries", 10 ],
      [ "cheese_fries", 10 ],
      [ "onion_rings", 10 ],
      [ "mintpatties", 20 ],
      [ "caff_gum", 30 ],
      [ "duct_tape", 80 ],
      { "group": "ammo_pocket_batteries_full", "prob": 50 },
      [ "mag_porn", 5 ],
      [ "manual_computers", 20 ],
      [ "textbook_computer", 8 ],
      [ "textbook_anarch", 4 ],
      [ "computer_science", 7 ],
      [ "mask_guy_fawkes", 5 ],
      [ "solar_cell", 5 ],
      [ "pool_cue", 10 ],
      [ "bat_metal", 10 ],
      [ "textbook_weapwest", 2 ],
      [ "textbook_armeast", 2 ],
      [ "textbook_armschina", 2 ],
      [ "radio_book", 22 ],
      { "item": "jacket_evac", "prob": 25 },
      { "item": "emer_blanket", "prob": 25 },
      { "item": "mask_gas", "prob": 20 },
      { "item": "flashlight", "prob": 50 },
      { "item": "light_disposable_cell", "prob": 80 },
      { "item": "water_clean", "count": [ 3, 5 ], "prob": 80 },
      { "item": "protein_bar_evac", "count": [ 4, 8 ], "prob": 20 },
      [ "barometer", 1 ],
      [ "radio_car_box", 1 ],
      [ "radiocontrol", 5 ],
      [ "daypack", 20 ],
      [ "tieclip", 20 ],
      [ "blazer_zhigh", 95 ],
      [ "pants_zhigh", 95 ],
      [ "tie_bow_zhigh", 95 ],
      [ "tie_necktie_zhigh", 95 ],
      [ "skirt_zhigh", 95 ],
      [ "dress_shirt_zhigh", 95 ],
      [ "boots", 5 ],
      [ "boots_winter", 5 ],
      [ "boots_hiking", 5 ],
      [ "boots_steel", 5 ],
      [ "sneakers", 5 ],
      [ "lowtops", 5 ],
      [ "golf_shoes", 5 ],
      [ "bandana", 15 ],
      [ "hat_hard", 5 ],
      { "item": "cash_card", "prob": 90, "charges-min": 30000, "charges-max": 50000 },
      [ "jacket_baseball", 60 ],
      [ "armband_zhigh_halmon", 20 ],
      [ "hoodie", 5 ],
      [ "mask_skull", 5 ],
      [ "spi_hairpin", 5 ],
      [ "candle", 25 ],
      [ "bbpistol", 2 ],
      [ "bbsmg", 1 ],
      [ "bbgun", 1 ],
      [ "BBallglove", 5 ],
      [ "wolfsuit", 1 ],
      [ "dinosuit", 1 ],
      [ "bullwhip", 1 ],
      [ "bullwhip_razor", 1 ],
      [ "leather_cat_ears", 5 ],
      [ "leather_cat_tail", 5 ],
      [ "leather_collar", 5 ],
      [ "selfie_stick", 5 ],
      [ "paintballgun_pistol", 1 ],
      [ "paintballgun", 1 ],
      [ "shotgun_d_paint", 1 ],
      [ "bb", 40 ],
      [ "bearing", 40 ],
      [ "marble", 40 ],
      [ "paintball", 40 ],
      [ "paintball_acid", 20 ],
      [ "paintball_beanb", 20 ],
      [ "paintball_glow", 20 ],
      [ "paintball_shot", 20 ],
      [ "jacket_tracksuit_zhigh", 8 ],
      [ "pants_tracksuit_zhigh", 8 ],
      [ "shorts_tracksuit_zhigh", 6 ],
      [ "bandana_skull", 20 ],
      [ "balclava_skull", 10 ],
      [ "slingshot_bow", 10 ],
      [ "wristrocket_bow", 10 ],
      [ "slingshot", 10 ],
      [ "wristrocket", 10 ],
      [ "baton_light", 5 ],
      [ "Rc_Packed", 3 ],
      [ "knife_swissarmy", 20 ],
      [ "multitool", 10 ],
      [ "discShooter", 1 ],
      [ "helmet_motor", 5 ],
      [ "elec_hairtrimmer", 5 ],
      [ "1st_aid", 75 ],
      [ "tights", 5 ],
      [ "string_floss", 10 ],
      [ "woodenKnife", 5 ],
      [ "clip_wrist", 5 ],
      [ "bbSnip", 1 ],
      [ "pencil", 40 ],
      [ "whistlemulti", 10 ],
      [ "redhairpin", 5 ],
      [ "RPG_die", 30 ],
      [ "metal_RPG_die", 10 ],
      [ "improvised_colabomb", 2 ]
    ]
  }
]
