[
  {
    "id": "manual_mcmap",
    "copy-from": "book_martial",
    "type": "GENERIC",
    "name": { "str_sp": "Marine Corps Martial Arts Program Training Manual" },
    "price_postapoc": 2000,
    "description": "A complete guide to Marine Corps Martial Arts Program.",
    "book_data": { "martial_art": "style_mcmap" }
  },
  {
    "type": "martial_art",
    "id": "style_mcmap",
    "name": { "str": "Marine Corps Martial Arts Program" },
    "description": "The Marine Corps Martial Arts Program is a combat system developed by the United States Marine Corps to combine existing and new hand-to-hand and close quarters combat techniques with morale and team-building functions and instruction in the warrior ethos.",
    "initiate": [ "You get your stance ready, to beat your enemies.", "%s get your stance ready, to beat %s's enemies." ],
    "learn_difficulty": 2,
    "arm_block": 2,
    "leg_block": 4,
    "static_buffs": [
      {
        "id": "buff_boxing_static",
        "name": "Boxing Stance",
        "description": "A solid stance allows you block more damage than normal and deliver better punches.\n\n+2 Bash damage, Blocked damge reduced by 50% of Strength.",
        "unarmed_allowed": true,
        "melee_allowed": true,
        "flat_bonuses": [ { "stat": "block", "scaling-stat": "str", "scale": 0.5 }, { "stat": "damage", "type": "bash", "scale": 2.0 } ]
      },
      {
        "id": "buff_capoeira_static",
        "name": "Capoeira Stance",
        "description": "You never stop moving while performing the ginga.  This makes you very mobile while fighting.\n\n+1.0 Dodge skill, +1 Dodge attempts.",
        "unarmed_allowed": true,
        "melee_allowed": true,
        "bonus_dodges": 1,
        "flat_bonuses": [ { "stat": "dodge", "scale": 1.0 } ]
      },
      {
        "id": "buff_eskrima_static",
        "name": "Eskrima Stance",
        "description": "You are skilled at getting the most out of your weapons.  The term 'weapon' might be very subjective,\n\n+2 Accuracy.",
        "unarmed_allowed": true,
        "melee_allowed": true,
        "flat_bonuses": [ { "stat": "hit", "scale": 2.0 } ]
      },
      {
        "id": "buff_judo_static",
        "name": "Judo Stance",
        "description": "Your knowledge of grappling allows you to recover from knock down effects instantly.\nIn addition, you can counter grabs and takedown attacks with a judo throw.",
        
        "melee_allowed": true,
        "unarmed_weapons_allowed": true,
        "throw_immune": true
      },
      {
        "id": "buff_kickboxing_stance_static",
        "name": "Kick stance",
        "description": "You have adopted a stance which allows for greater mobility and stability.  Your hands are in a guard position with elbows forward to protect yourself.\n\nBlocked damage reduced by 25% of Strength.\n+1.0 Dodging skill",
        "melee_allowed": true,
        "unarmed_allowed": true,
        "flat_bonuses": [ { "stat": "block", "scaling-stat": "str", "scale": 0.5 }, { "stat": "dodge", "scale": 1.0 } ]
      },
      {
        "id": "buff_krav_maga_static1",
        "name": "Krav Maga Stance",
        "description": "Your training makes it easier to land hits and fight multiple opponents.\n\n+1 Accuracy, +1 Block attempts.",
        "melee_allowed": true,
        "unarmed_allowed": true,
        "bonus_blocks": 1,
        "flat_bonuses": [ { "stat": "hit", "scale": 1.0 } ]
      },
      {
        "id": "buff_muay_thai_static",
        "name": "Muay Thai Stance",
        "description": "Strength is everything in Muay Thai and you know how to make the most of yours.\n\nBlocked damage decreased by 50% of Strength.",
        "unarmed_allowed": true,
        "flat_bonuses": [ { "stat": "block", "scaling-stat": "str", "scale": 0.5 } ]
      },
      {
        "id": "buff_silat_static",
        "name": "Silat Stance",
        "description": "You try to stay loose as possible when fighting to have more chances to dodge.\n\n+1 Dodge attempts.",
        "unarmed_allowed": true,
        "melee_allowed": true,
        "bonus_dodges": 1
      },
      {
        "id": "buff_taekwondo_static",
        "name": "Taekwondo Stance",
        "description": "Using your legs to attack allows your hands to be free for better defense.\n\nBlocked damage decreased by 50% of Strength.",
        "unarmed_allowed": true,
        "melee_allowed": true,
        "flat_bonuses": [ { "stat": "block", "scaling-stat": "str", "scale": 0.5 } ]
      },
      {
        "id": "buff_taekwondo_static2",
        "name": "Unhindered",
        "description": "Your attacks are stronger if you are not holding anything in your hands.\n\n+33% bash damage when not using a weapon.",
        "unarmed_allowed": true,
        "melee_allowed": true,
        "mult_bonuses": [ { "stat": "damage", "type": "bash", "scale": 1.33 } ]
      }
    ],
    "onmove_buffs": [
      {
        "id": "buff_boxing_onmove",
        "name": "Footwork",
        "description": "You are make yourself harder to hit by bobbing and weaving as you move.\n\n+1.0 Dodge skill.\nLasts for 1 turns.  Stacks 2 times.",
        "skill_requirements": [ { "name": "unarmed", "level": 3 } ],
        "unarmed_allowed": true,
        "buff_duration": 1,
        "max_stacks": 2,
        "flat_bonuses": [ { "stat": "dodge", "scale": 1.0 } ]
      },
      {
        "id": "buff_capoeira_onmove",
        "name": "Capoeira Momentum",
        "description": "You can feel the rhythm as you move.  Not only are you harder to hit, but your kicks are even more amazing!\n\n+1.0 Dodge skill.\nEnables \"Spin Kick\" and \"Sweep Kick\" techniques.\nLasts 3 turns.",
        "unarmed_allowed": true,
        "skill_requirements": [ { "name": "unarmed", "level": 2 } ],
        "buff_duration": 3,
        "flat_bonuses": [ { "stat": "dodge", "scale": 1.0 } ]
      },
      {
        "id": "buff_silat_onmove",
        "name": "Silat Evasion",
        "description": "You stay low as you move, making it harder for enemies to pin you down.\n\n+1 Dodge attempts.\nLasts 2 turn.",
        "skill_requirements": [ { "name": "melee", "level": 1 } ],
        "unarmed_allowed": true,
        "melee_allowed": true,
        "buff_duration": 2,
        "bonus_dodges": 1
      }
    ],
    "onmiss_buffs": [
      {
        "id": "buff_capoeira_onmiss",
        "name": "Capoeira Tempo",
        "description": "You didn't miss, it's just part of the dance and the best part is about to start!\n\n+15% Bash damage.\nLasts 2 turns.  Stacks 3 times.",
        "unarmed_allowed": true,
        "skill_requirements": [ { "name": "unarmed", "level": 1 } ],
        "buff_duration": 2,
        "max_stacks": 3,
        "mult_bonuses": [ { "stat": "damage", "type": "bash", "scale": 1.15 } ]
      },
      {
        "id": "buff_fencing_onmiss",
        "name": "Remise",
        "description": "Your feint is the perfect setup for a devastating followup attack!\n\n+1 Accuracy.\nEnables \"Compound Attack\" technique.\nLasts 1 turn.",
        "skill_requirements": [ { "name": "melee", "level": 3 } ],
        "melee_allowed": true,
        "buff_duration": 1,
        "flat_bonuses": [ { "stat": "hit", "scale": 1.0 } ]
      }
    ],
    "ondodge_buffs": [
      {
        "id": "buff_boxing_ondodge",
        "name": "Counter Chance",
        "description": "You've seen your chance. Now strike back!\n\n+25% Bash damage.\nLasts for 1 turn.",
        "skill_requirements": [ { "name": "unarmed", "level": 5 } ],
        "unarmed_allowed": true,
        "buff_duration": 1,
        "mult_bonuses": [ { "stat": "damage", "type": "bash", "scale": 1.25 } ]
      },
      {
        "id": "buff_pankration_ondodge",
        "name": "Counter Chance",
        "description": "The enemy has presented an opening in their defense.\n+10% bash damage.  Enables \"Close Combat\" buff.\nLasts 1 turn.",
        "skill_requirements": [ { "name": "unarmed", "level": 1 } ],
        "unarmed_allowed": true,
        "buff_duration": 1,
        "mult_bonuses": [ { "stat": "damage", "type": "bash", "scale": 1.1 } ]
      },
      {
        "id": "buff_silat_ondodge",
        "name": "Silat Appraisal",
        "description": "Each time you dodge an attack, you learn a bit more about your opponents' fighting style.  This allows you to make more precise attacks against them.\n\nAccuracy increased by 15% of Dexterity.\nLasts 2 turns.  Stacks 3 times.",
        "skill_requirements": [ { "name": "melee", "level": 1 } ],
        "melee_allowed": true,
        "buff_duration": 2,
        "max_stacks": 3,
        "flat_bonuses": [ { "stat": "hit", "scaling-stat": "dex", "scale": 0.15 } ]
      }
    ],
    "oncrit_buffs": [
      {
        "id": "buff_eskrima_oncrit",
        "name": "Eskrima Combination",
        "description": "You can follow up a critical hit with a stronger attack if the opportunity presents itself.\n\n+15% bonus to all damage.\nEnables \"Combination Strike\" technique.\nLasts 3 turns.  Stacks 3 times.",
        "skill_requirements": [ { "name": "melee", "level": 2 } ],
        "melee_allowed": true,
        "buff_duration": 3,
        "max_stacks": 3,
        "mult_bonuses": [
          { "stat": "damage", "type": "bash", "scale": 1.15 },
          { "stat": "damage", "type": "cut", "scale": 1.15 },
          { "stat": "damage", "type": "stab", "scale": 1.15 }
        ]
      }
    ],
    "onhit_buffs": [
      {
        "id": "buff_pankration_oncrit",
        "name": "Close Combat",
        "description": "You got your opponent right where you want them!\n\n+20% bash damage.\nLasts 1 turn.",
        "skill_requirements": [ { "name": "unarmed", "level": 4 } ],
        "unarmed_allowed": true,
        "req_buffs": [ "buff_pankration_ondodge" ],
        "buff_duration": 1,
        "mult_bonuses": [ { "stat": "damage", "type": "bash", "scale": 1.2 } ]
      }
    ],
    "techniques": [
      "tec_boxing_rapid", 
      "tec_boxing_cross", 
      "tec_boxing_upper",
      "tec_boxing_counter",
      "tec_brawl_disarm_unarmed",
      "tec_brawl_feint_unarmed",
      "tec_brawl_counter_unarmed",
      "tec_brawl_break_unarmed",
      "tec_brawl_power",
      "tec_brawl_trip",
      "tec_brawl_disarm_melee",
      "tec_brawl_counter_melee",
      "tec_brawl_feint_melee",
      "tec_brawl_break_melee",
      "tec_capoeira_feint",
      "tec_capoeira_pushkick",
      "tec_capoeira_sweepkick",
      "tec_capoeira_circlekick",
      "tec_capoeira_spinkick",
      "tec_eskrima_round",
      "tec_eskrima_fan",
      "tec_eskrima_snap",
      "tec_eskrima_puno",
      "tec_eskrima_low",
      "tec_eskrima_combination",
      "tec_kickboxing_rapid",
      "tec_kickboxing_straight_cross",
      "tec_kickboxing_upper",
      "tec_kickboxing_roundhouse",
      "tec_kickboxing_sidekick",
      "tec_kickboxing_straight_kick",
      "tec_krav_maga_rapid",
      "tec_krav_maga_crit",
      "tec_krav_maga_takedown",
      "tec_krav_maga_disarm",
      "tec_krav_maga_break",
      "tec_krav_maga_counter",
      "tec_muay_thai_elbow",
      "tec_muay_thai_kick",
      "tec_muay_thai_knee",
      "tec_muay_thai_break",
      "tec_silat_hamstring",
      "tec_silat_precise",
      "tec_silat_brutal",
      "tec_silat_dirty",
      "tec_taekwondo_disarm",
      "tec_taekwondo_strong",
      "tec_taekwondo_roundhouse",
      "tec_taekwondo_feint",
      "tec_taekwondo_push",
      "tec_taekwondo_sweep",
      "tec_pankration_cross",
      "tec_pankration_kick",
      "tec_pankration_break",
      "tec_pankration_grabknee",
      "tec_pankration_grabdisarm",
      "tec_pankration_grabthrow"
    ],
    "weapon_category": [ 
        "PISTOLS", 
        "REVOLVERS", 
        "RIFLES", 
        "SHOTGUNS",
        "GRENADE_LAUNCHERS",
        "ROCKET_LAUNCHERS",
        "FLAMETHROWERS",
        "SPRAY_GUNS",
        "FIST_WEAPONS", 
        "KNIVES",
        "MEDIEVAL_SWORDS", 
        "SHORT_SWORDS", 
        "1H_SWORDS", 
        "2H_SWORDS", 
        "DUELING_SWORDS", 
        "JAPANESE_SWORDS", 
        "QUARTERSTAVES", 
        "BIONIC_WEAPONRY",
        "BIONIC_SWORDS",
        "BATONS", 
        "TONFAS", 
        "HOOKED_POLES", 
        "HAND_AXES",
        "1H_AXES", 
        "2H_AXES",
        "SAPS", 
        "CLUBS",
        "MACES",
        "MORNINGSTARS",
        "FLAILS",
        "WHIPS",
        "BOWS",
        "M_XBOWS",
        "S_XBOWS",
        "SLINGSHOTS",
        "SLINGS",
        "1H_HAMMERS", 
        "2H_HAMMERS", 
        "GLAIVES",
        "PIKES",
        "SPEARS"
      ],
      "weapons": [ "glass_macuahuitl", "sickle", "scythe", "hockey_stick", "golf_club" ]
  }
]