[
  {
    "id": "mon_beekeeper",
    "type": "MONSTER",
    "name": { "str": "scarred zombie" },
    "description": "A deformed human body, its skin transformed into one thick, calloused envelope of scar tissue.",
    "default_faction": "zombie",
    "bodytype": "human",
    "species": [ "ZOMBIE", "HUMAN" ],
    "volume": "62500 ml",
    "weight": "81500 g",
    "hp": 70,
    "speed": 60,
    "material": [ "flesh" ],
    "symbol": "Z",
    "color": "light_red",
    "aggression": 100,
    "morale": 100,
    "melee_skill": 3,
    "melee_dice": 2,
    "melee_dice_sides": 4,
    "melee_cut": 2,
    "armor_bash": 6,
    "armor_cut": 8,
    "armor_bullet": 6,
    "harvest": "zombie",
    "special_attacks": [ [ "UPGRADE", 1 ], [ "RESURRECT", 1 ], { "type": "bite", "cooldown": 5 } ],
    "death_drops": {
      "subtype": "collection",
      "groups": [ [ "default_zombie_clothes", 100 ], [ "hive", 80 ] ],
      "//": "cloth as any other zombie (always), additional items from group hive (sometimes)"
    },
    "death_function": [ "NORMAL" ],
    "burn_into": "mon_zombie_scorched",
    "upgrades": { "half_life": 28, "into_group": "GROUP_ZOMBIE_UPGRADE" },
    "flags": [
      "SEES", "HEARS",
      "GOODHEARING",
      "KEENNOSE",
      "CLIMBS",
      "SMELLS",
      "STUMBLES",
      "WARM",
      "BASHES",
      "GROUP_BASH",
      "CAN_OPEN_DOORS",
      "PATH_AVOID_DANGER_1",
      "POISON",
      "NO_BREATHE",
      "REVIVES",
      "PUSH_MON",
      "FILTHY",
      "NO_FUNG_DMG"
    ]
  },
  {
    "id": "mon_zombie",
    "type": "MONSTER",
    "name": { "str": "zombie" },
    "description": "A human body, swaying as it moves, an unstoppable rage visible in its oily black eyes.",
    "default_faction": "zombie",
    "bodytype": "human",
    "categories": [ "CLASSIC" ],
    "species": [ "ZOMBIE", "HUMAN" ],
    "volume": "62500 ml",
    "weight": "81500 g",
    "hp": 80,
    "speed": 70,
    "material": [ "flesh" ],
    "symbol": "Z",
    "color": "light_green",
    "aggression": 100,
    "morale": 100,
    "melee_skill": 4,
    "melee_dice": 2,
    "melee_dice_sides": 3,
    "melee_cut": 0,
    "vision_night": 15,
    "harvest": "zombie",
    "special_attacks": [ [ "UPGRADE", 1 ], [ "RESURRECT", 1 ], { "type": "bite", "cooldown": 5 }, [ "GRAB", 7 ], [ "scratch", 20 ] ],
    "death_drops": "default_zombie_death_drops",
    "death_function": [ "NORMAL" ],
    "fungalize_into": "mon_zombie_fungus",
    "burn_into": "mon_zombie_scorched",
    "upgrades": { "half_life": 14, "into_group": "GROUP_ZOMBIE_UPGRADE" },
    "flags": [
      "SEES", "HEARS",
      "GOODHEARING",
      "KEENNOSE",
      "CLIMBS",
      "SMELLS",
      "STUMBLES",
      "WARM",
      "BASHES",
      "GROUP_BASH",
      "CAN_OPEN_DOORS",
      "PATH_AVOID_DANGER_1",
      "POISON",
      "BLEED",
      "NO_BREATHE",
      "REVIVES",
      "PUSH_MON",
      "FILTHY"
    ]
  },
  {
    "id": "mon_zombie_cop",
    "type": "MONSTER",
    "name": { "str": "zombie cop" },
    "description": "A human body covered by a weather-beaten and badly damaged set of riot gear.",
    "bodytype": "human",
    "default_faction": "cop_zombie",
    "categories": [ "CLASSIC" ],
    "species": [ "ZOMBIE", "HUMAN" ],
    "volume": "62500 ml",
    "weight": "81500 g",
    "hp": 80,
    "speed": 70,
    "material": [ "flesh" ],
    "symbol": "Z",
    "color": "blue",
    "aggression": 100,
    "morale": 100,
    "melee_skill": 6,
    "melee_dice": 2,
    "melee_dice_sides": 4,
    "melee_cut": 0,
    "armor_bash": 6,
    "armor_cut": 6,
    "armor_bullet": 5,
    "armor_stab": 6,
    "vision_day": 10,
    "vision_night": 15,
    "harvest": "zombie",
    "special_attacks": [ [ "UPGRADE", 1 ], [ "RESURRECT", 1 ], [ "GRAB", 7 ], [ "scratch", 20 ] ],
    "death_drops": "mon_zombie_cop_death_drops",
    "death_function": [ "NORMAL" ],
    "fungalize_into": "mon_zombie_fungus",
    "burn_into": "mon_zombie_scorched",
    "upgrades": { "half_life": 28, "into_group": "GROUP_ZOMBIE_UPGRADE" },
    "flags": [
      "SEES", "HEARS",
      "GOODHEARING",
      "KEENNOSE",
      "CLIMBS",
      "SMELLS",
      "STUMBLES",
      "WARM",
      "BASHES",
      "GROUP_BASH",
      "CAN_OPEN_DOORS",
      "PATH_AVOID_DANGER_1",
      "POISON",
      "BLEED",
      "NO_BREATHE",
      "REVIVES",
      "PUSH_MON",
      "FILTHY"
    ]
  },
  {
    "id": "mon_zombie_crawler",
    "type": "MONSTER",
    "name": { "str": "crawling zombie" },
    "description": "This human corpse drags itself along slowly with its arms.  Its legs are damaged beyond repair.",
    "default_faction": "zombie",
    "bodytype": "human",
    "categories": [ "CLASSIC" ],
    "species": [ "ZOMBIE", "HUMAN" ],
    "volume": "62500 ml",
    "weight": "81500 g",
    "hp": 60,
    "speed": 20,
    "material": [ "flesh" ],
    "symbol": "Z",
    "color": "pink_green",
    "aggression": 100,
    "morale": 100,
    "melee_skill": 2,
    "melee_dice": 2,
    "melee_dice_sides": 3,
    "melee_cut": 0,
    "vision_day": 10,
    "harvest": "zombie",
    "special_attacks": [ [ "UPGRADE", 1 ], [ "RESURRECT", 1 ], { "type": "bite", "cooldown": 5 }, [ "scratch", 20 ] ],
    "death_drops": "default_zombie_death_drops",
    "death_function": [ "NORMAL" ],
    "burn_into": "mon_zombie_scorched",
    "flags": [
      "SEES", "HEARS",
      "GOODHEARING",
      "KEENNOSE",
      "CLIMBS",
      "SMELLS",
      "STUMBLES",
      "WARM",
      "BASHES",
      "GRABS",
      "POISON",
      "BLEED",
      "NO_BREATHE",
      "REVIVES",
      "FILTHY"
    ]
  },
  {
    "id": "mon_zombie_dancer",
    "type": "MONSTER",
    "name": { "str": "zombie dancer" },
    "description": "The foulest stench is in the air,\nThe funk of forty thousand years,\nAnd grisly ghouls from every tomb,\nAre closing in to seal your doom!\n\nThe dancer doesn't even notice you, it seems like something nearby is controlling it.",
    "default_faction": "zombie",
    "bodytype": "human",
    "categories": [ "CLASSIC" ],
    "species": [ "ZOMBIE", "HUMAN" ],
    "volume": "875000 ml",
    "weight": "200 kg",
    "hp": 10000,
    "speed": 200,
    "material": [ "flesh" ],
    "symbol": "Z",
    "color": "white_magenta",
    "aggression": 100,
    "morale": 100,
    "melee_dice": 1,
    "melee_dice_sides": 5,
    "melee_cut": 0,
    "armor_bash": 12,
    "armor_cut": 8,
    "armor_bullet": 6,
    "vision_day": 10,
    "vision_night": 15,
    "harvest": "zombie_leather",
    "special_attacks": [ [ "UPGRADE", 1 ], [ "RESURRECT", 1 ], [ "DANCE", 30 ] ],
    "death_drops": "mon_zombie_hulk_death_drops",
    "death_function": [ "NORMAL" ],
    "fungalize_into": "mon_zombie_fungus",
    "regenerates": 50,
    "flags": [ "WARM", "BASHES", "DESTROYS", "NO_BREATHE", "POISON", "FILTHY" ]
  },
  {
    "id": "mon_zombie_fat",
    "type": "MONSTER",
    "name": { "str": "fat zombie" },
    "description": "Stumbling as it moves, this corpse of an overweight human regards its surroundings with an empty black gaze.",
    "default_faction": "zombie",
    "bodytype": "human",
    "categories": [ "CLASSIC" ],
    "species": [ "ZOMBIE", "HUMAN" ],
    "volume": "62500 ml",
    "weight": "81500 g",
    "hp": 95,
    "speed": 55,
    "material": [ "flesh" ],
    "symbol": "Z",
    "color": "green",
    "aggression": 100,
    "morale": 100,
    "melee_skill": 3,
    "melee_dice": 2,
    "melee_dice_sides": 4,
    "melee_cut": 0,
    "armor_bash": 5,
    "armor_cut": 3,
    "armor_bullet": 2,
    "vision_night": 15,
    "harvest": "zombie",
    "special_attacks": [ [ "UPGRADE", 1 ], [ "RESURRECT", 1 ], { "type": "bite", "cooldown": 5, "min_mul": 0.75, "//": "Fat zombies have stronger jaws" }, [ "scratch", 20 ] ],
    "death_drops": "default_zombie_death_drops",
    "death_function": [ "NORMAL" ],
    "fungalize_into": "mon_zombie_fungus",
    "burn_into": "mon_zombie_scorched",
    "upgrades": { "half_life": 10, "into_group": "GROUP_ZOMBIE_FAT" },
    "flags": [
      "SEES", "HEARS",
      "GOODHEARING",
      "KEENNOSE",
      "CLIMBS",
      "SMELLS",
      "STUMBLES",
      "WARM",
      "BASHES",
      "GROUP_BASH",
      "CAN_OPEN_DOORS",
      "PATH_AVOID_DANGER_1",
      "POISON",
      "BLEED",
      "NO_BREATHE",
      "REVIVES",
      "PUSH_MON",
      "FILTHY"
    ]
  },
  {
    "id": "mon_zombie_fireman",
    "type": "MONSTER",
    "name": { "str": "firefighter zombie" },
    "description": "A decaying human body clad in tattered firefighting gear.  It staggers aimlessly, reeking of smoke and decay.",
    "default_faction": "zombie",
    "bodytype": "human",
    "categories": [ "CLASSIC" ],
    "species": [ "ZOMBIE", "HUMAN" ],
    "volume": "62500 ml",
    "weight": "81500 g",
    "hp": 80,
    "speed": 70,
    "material": [ "flesh" ],
    "symbol": "Z",
    "color": "yellow",
    "aggression": 100,
    "morale": 100,
    "melee_skill": 5,
    "melee_dice": 3,
    "melee_dice_sides": 3,
    "melee_cut": 0,
    "armor_bash": 6,
    "armor_cut": 6,
    "armor_bullet": 5,
    "armor_acid": 3,
    "armor_fire": 10,
    "vision_night": 15,
    "harvest": "zombie",
    "special_attacks": [ [ "UPGRADE", 1 ], [ "RESURRECT", 1 ], [ "GRAB", 7 ] ],
    "death_drops": "mon_zombie_fireman_death_drops",
    "death_function": [ "NORMAL" ],
    "burn_into": "mon_zombie_scorched",
    "flags": [
      "SEES", "HEARS",
      "GOODHEARING",
      "KEENNOSE",
      "CLIMBS",
      "CLIMBS",
      "STUMBLES",
      "WARM",
      "BASHES",
      "GROUP_BASH",
      "CAN_OPEN_DOORS",
      "PATH_AVOID_DANGER_1",
      "POISON",
      "BLEED",
      "ACIDPROOF",
      "NO_BREATHE",
      "REVIVES",
      "PUSH_MON",
      "FILTHY",
      "NO_FUNG_DMG"
    ]
  },
  {
    "id": "mon_zombie_hazmat",
    "type": "MONSTER",
    "name": { "str": "hazmat zombie" },
    "description": "This zombie's face and body is completely covered by a protective suit.  It wanders around, unsteadily.",
    "default_faction": "zombie",
    "bodytype": "human",
    "categories": [ "CLASSIC" ],
    "species": [ "ZOMBIE", "HUMAN" ],
    "volume": "62500 ml",
    "weight": "81500 g",
    "hp": 80,
    "speed": 70,
    "material": [ "flesh" ],
    "symbol": "Z",
    "color": "white_green",
    "aggression": 100,
    "morale": 100,
    "melee_skill": 3,
    "melee_dice": 2,
    "melee_dice_sides": 3,
    "melee_cut": 0,
    "armor_bash": 5,
    "armor_cut": 4,
    "armor_bullet": 3,
    "vision_night": 15,
    "harvest": "zombie",
    "special_attacks": [ [ "UPGRADE", 1 ], [ "RESURRECT", 1 ], [ "GRAB", 7 ] ],
    "death_drops": "mon_zombie_hazmat_death_drops",
    "death_function": [ "NORMAL" ],
    "burn_into": "mon_zombie_scorched",
    "flags": [
      "SEES", "HEARS",
      "GOODHEARING",
      "KEENNOSE",
      "CLIMBS",
      "STUMBLES",
      "WARM",
      "BASHES",
      "GROUP_BASH",
      "CAN_OPEN_DOORS",
      "PATH_AVOID_DANGER_1",
      "POISON",
      "BLEED",
      "ACIDPROOF",
      "NO_BREATHE",
      "REVIVES",
      "PUSH_MON",
      "FILTHY",
      "NO_FUNG_DMG"
    ]
  },
  {
    "id": "mon_zombie_rot",
    "type": "MONSTER",
    "name": { "str": "decayed zombie" },
    "description": "A once-dead human corpse.  Its discolored swollen flesh is riddled with festering wounds and open sores.",
    "default_faction": "zombie",
    "bodytype": "human",
    "categories": [ "CLASSIC" ],
    "species": [ "ZOMBIE", "HUMAN" ],
    "volume": "62500 ml",
    "weight": "81500 g",
    "hp": 55,
    "speed": 70,
    "material": [ "flesh" ],
    "symbol": "Z",
    "color": "light_green_yellow",
    "aggression": 100,
    "morale": 100,
    "melee_skill": 1,
    "melee_dice": 2,
    "melee_dice_sides": 2,
    "melee_cut": 0,
    "vision_night": 15,
    "harvest": "zombie",
    "special_attacks": [ [ "UPGRADE", 1 ], [ "RESURRECT", 1 ], { "type": "bite", "cooldown": 2, "accuracy": 3, "no_infection_chance": 10 }, [ "GRAB", 7 ], [ "scratch", 20 ] ],
    "death_drops": "default_zombie_death_drops",
    "death_function": [ "NORMAL" ],
    "fungalize_into": "mon_zombie_fungus",
    "burn_into": "mon_zombie_scorched",
    "upgrades": { "half_life": 23, "into": "mon_devourer" },
    "flags": [
      "SEES", "HEARS",
      "GOODHEARING",
      "KEENNOSE",
      "CLIMBS",
      "SMELLS",
      "STUMBLES",
      "WARM",
      "BASHES",
      "GROUP_BASH",
      "CAN_OPEN_DOORS",
      "PATH_AVOID_DANGER_1",
      "POISON",
      "BLEED",
      "NO_BREATHE",
      "REVIVES",
      "PUSH_MON",
      "FILTHY"
    ]
  },
  {
    "id": "mon_zombie_swat",
    "type": "MONSTER",
    "name": "SWAT zombie",
    "description": "This zombie was part of a specialized unit of law enforcement.  It still wears a battered armor with the SWAT logo emblazoned on the front.",
    "looks_like": "mon_zombie_cop",
    "bodytype": "human",
    "default_faction": "cop_zombie",
    "categories": [ "CLASSIC" ],
    "species": [ "ZOMBIE", "HUMAN" ],
    "volume": "62500 ml",
    "weight": "81500 g",
    "hp": 90,
    "speed": 75,
    "material": [ "flesh" ],
    "symbol": "Z",
    "color": "blue",
    "aggression": 100,
    "morale": 100,
    "melee_skill": 6,
    "melee_dice": 2,
    "melee_dice_sides": 5,
    "melee_cut": 0,
    "armor_bash": 10,
    "armor_cut": 16,
    "armor_bullet": 13,
    "vision_day": 10,
    "vision_night": 15,
    "harvest": "zombie",
    "special_attacks": [ [ "UPGRADE", 1 ], [ "RESURRECT", 1 ], [ "GRAB", 7 ], [ "scratch", 15 ] ],
    "death_drops": "mon_zombie_swat_death_drops",
    "death_function": [ "NORMAL" ],
    "upgrades": { "half_life": 28, "into_group": "GROUP_ZOMBIE_SWAT_UPGRADE" },
    "burn_into": "mon_zombie_scorched",
    "flags": [
      "SEES", "HEARS",
      "GOODHEARING",
      "KEENNOSE",
      "CLIMBS",
      "SMELLS",
      "STUMBLES",
      "WARM",
      "BASHES",
      "GROUP_BASH",
      "CAN_OPEN_DOORS",
      "PATH_AVOID_DANGER_1",
      "POISON",
      "BLEED",
      "NO_BREATHE",
      "REVIVES",
      "PUSH_MON",
      "FILTHY"
    ]
  },
  {
    "id": "mon_zombie_tough",
    "type": "MONSTER",
    "name": { "str": "tough zombie" },
    "description": "Once an athletic human, now a brutal monster.  Its facial features are twisted into an expression of pure rage.",
    "default_faction": "zombie",
    "bodytype": "human",
    "categories": [ "CLASSIC" ],
    "species": [ "ZOMBIE", "HUMAN" ],
    "volume": "62500 ml",
    "weight": "81500 g",
    "hp": 100,
    "speed": 85,
    "material": [ "flesh" ],
    "symbol": "Z",
    "color": "light_red",
    "aggression": 100,
    "morale": 100,
    "melee_skill": 4,
    "melee_dice": 3,
    "melee_dice_sides": 3,
    "melee_cut": 1,
    "dodge": 1,
    "armor_bash": 2,
    "armor_cut": 1,
    "armor_bullet": 1,
    "vision_night": 15,
    "harvest": "zombie",
    "special_attacks": [ [ "UPGRADE", 1 ], [ "RESURRECT", 1 ], { "type": "bite", "cooldown": 5, "min_mul": 0.7 }, [ "GRAB", 7 ], [ "scratch", 20 ] ],
    "death_drops": "default_zombie_death_drops",
    "death_function": [ "NORMAL" ],
    "burn_into": "mon_zombie_scorched",
    "fungalize_into": "mon_zombie_fungus",
    "upgrades": { "half_life": 14, "into_group": "GROUP_ZOMBIE_UPGRADE" },
    "flags": [
      "SEES", "HEARS",
      "GOODHEARING",
      "KEENNOSE",
      "CLIMBS",
      "SMELLS",
      "STUMBLES",
      "WARM",
      "BASHES",
      "GROUP_BASH",
      "CAN_OPEN_DOORS",
      "PATH_AVOID_DANGER_1",
      "POISON",
      "BLEED",
      "NO_BREATHE",
      "REVIVES",
      "PUSH_MON",
      "FILTHY"
    ]
  },
  {
    "id": "mon_zombie_resort_dancer",
    "type": "MONSTER",
    "name": { "str": "sleek zombie" },
    "description": "This zombie is rather sleek and barely clothed.",
    "copy-from": "mon_zombie",
    "looks_like": "mon_zombie",
    "upgrades": { "half_life": 14, "into_group": "GROUP_ZOMBIE_UPGRADE" },
    "death_drops": "mon_zombie_resort_dancer_death_drops"
  },
  {
    "id": "mon_zombie_resort_bouncer",
    "type": "MONSTER",
    "name": { "str": "bouncer zombie" },
    "description": "This zombie looks beefed and is dressed in the tattered remnants of a security uniform.",
    "copy-from": "mon_zombie_tough",
    "looks_like": "mon_zombie_tough",
    "upgrades": { "half_life": 14, "into_group": "GROUP_ZOMBIE_UPGRADE" },
    "death_drops": "mon_zombie_resort_bouncer_death_drops"
  },
  {
    "id": "mon_zombie_resort_staff",
    "type": "MONSTER",
    "copy-from": "mon_zombie",
    "looks_like": "mon_zombie",
    "upgrades": { "half_life": 14, "into_group": "GROUP_ZOMBIE_UPGRADE" },
    "death_drops": "mon_zombie_resort_staff_death_drops"
  }
]
