[
  {
    "id": "mon_zombie_biter",
    "type": "MONSTER",
    "name": { "str": "slavering biter" },
    "description": "A distorted and swollen human body.  Its jaws have elongated into a crocodile like snout, dripping with foul smelling saliva.",
    "default_faction": "zombie",
    "bodytype": "human",
    "species": [ "ZOMBIE", "HUMAN" ],
    "volume": "62500 ml",
    "weight": "81500 g",
    "hp": 100,
    "speed": 110,
    "material": [ "flesh" ],
    "symbol": "Z",
    "color": "cyan_green",
    "aggression": 100,
    "morale": 100,
    "melee_skill": 6,
    "melee_dice": 4,
    "melee_dice_sides": 6,
    "melee_cut": 4,
    "dodge": 3,
    "armor_bash": 5,
    "armor_cut": 2,
    "armor_bullet": 2,
    "vision_day": 10,
    "vision_night": 15,
    "harvest": "zombie",
    "special_attacks": [ [ "UPGRADE", 1 ], { "type": "leap", "cooldown": 1, "max_range": 8 }, [ "RESURRECT", 1 ],
      {
        "type": "bite",
        "cooldown": 4,
        "accuracy": 5,
        "damage_max_instance": [
          { "damage_type": "stab", "amount": 10, "armor_multiplier": 0.3 },
          { "damage_type": "bash", "amount": 10, "armor_multiplier": 0.3 }
        ]
      },
      [ "GRAB", 4 ]
    ],
    "death_drops": "default_zombie_death_drops",
    "death_function": [ "NORMAL" ],
    "burn_into": "mon_zombie_scorched",
    "flags": [
      "SEES", "HEARS",
      "GOODHEARING",
      "KEENNOSE",
      "CLIMBS",
      "SMELLS",
      "KEENNOSE",
      "STUMBLES",
      "WARM",
      "BASHES",
      "GROUP_BASH",
      "CAN_OPEN_DOORS",
      "PATH_AVOID_DANGER_1",
      "POISON",
      "BLEED",
      "GRABS",
      "NO_BREATHE",
      "REVIVES",
      "PUSH_MON",
      "FILTHY"
    ]
  },
  {
    "id": "mon_zombie_brainless",
    "type": "MONSTER",
    "name": { "str": "brainless zombie" },
    "//": "This is the brainless zombie.  Has nohead flag to reflect the head is already catastrophically damaged.  Only detects through hearing.",
    "description": "A zombie like any other, except that its features and skull have been devastated.  It's unclear what caused the damage, but between the scraps of flesh you can see that its face and brain are gone, though its ears are intact.",
    "default_faction": "zombie",
    "species": [ "ZOMBIE", "HUMAN" ],
    "volume": "61875 ml",
    "weight": "78200 g",
    "//2": "Weight and volume reduced to reflect missing head parts.  Based on average headsize/weight, but are not exact.",
    "hp": 60,
    "//3": "Lower hp to reflect previous damage.  Plus they're virtually useless so might as well make them a quick kill.",
    "speed": 65,
    "material": [ "flesh" ],
    "symbol": "Z",
    "color": "light_green",
    "aggression": 100,
    "morale": 100,
    "melee_skill": 3,
    "melee_dice": 2,
    "melee_dice_sides": 3,
    "melee_cut": 0,
    "vision_day": 10,
    "vision_night": 15,
    "harvest": "zombie",
    "special_attacks": [ [ "UPGRADE", 1 ], { "type": "leap", "cooldown": 1, "max_range": 8 }, [ "RESURRECT", 1 ], [ "GRAB", 7 ], [ "scratch", 20 ] ],
    "//4": "Removed Bite attack to reflect damage to mouth.",
    "death_drops": "default_zombie_death_drops",
    "death_function": [ "NORMAL" ],
    "burn_into": "mon_zombie_scorched",
    "upgrades": { "half_life": 8, "into": "mon_zombie_ears" },
    "flags": [
      "HEARS",
      "GOODHEARING",
      "KEENNOSE",
      "CLIMBS",
      "STUMBLES",
      "WARM",
      "BASHES",
      "GROUP_BASH",
      "CAN_OPEN_DOORS",
      "PATH_AVOID_DANGER_1",
      "POISON",
      "BLEED",
      "NOHEAD",
      "NO_BREATHE",
      "REVIVES",
      "PUSH_MON",
      "FILTHY"
    ]
  },
  {
    "id": "mon_zombie_brute",
    "type": "MONSTER",
    "name": { "str": "zombie brute" },
    "description": "Its entire body bulges with distended muscles and swollen, festering wounds.",
    "default_faction": "zombie",
    "bodytype": "human",
    "species": [ "ZOMBIE", "HUMAN" ],
    "diff": 2,
    "volume": "62500 ml",
    "weight": "81500 g",
    "hp": 120,
    "speed": 105,
    "material": [ "flesh" ],
    "symbol": "Z",
    "color": "red",
    "aggression": 100,
    "morale": 100,
    "melee_skill": 4,
    "melee_dice": 3,
    "melee_dice_sides": 8,
    "melee_cut": 2,
    "armor_bash": 4,
    "armor_cut": 6,
    "armor_bullet": 5,
    "vision_day": 10,
    "vision_night": 15,
    "harvest": "zombie",
    "special_attacks": [ [ "UPGRADE", 1 ], { "type": "leap", "cooldown": 1, "max_range": 8 }, [ "RESURRECT", 1 ], [ "SMASH", 30 ], [ "GRAB", 7 ] ],
    "death_drops": "default_zombie_death_drops",
    "death_function": [ "NORMAL" ],
    "burn_into": "mon_zombie_fiend",
    "fungalize_into": "mon_zombie_fungus",
    "upgrades": { "half_life": 21, "into_group": "GROUP_ZOMBIE_BRUTE" },
    "flags": [
      "SEES", "HEARS",
      "GOODHEARING",
      "KEENNOSE",
      "CLIMBS",
      "SMELLS",
      "STUMBLES",
      "WARM",
      "BASHES",
      "GROUP_BASH",
      "CAN_OPEN_DOORS",
      "PATH_AVOID_DANGER_1",
      "POISON",
      "NO_BREATHE",
      "REVIVES",
      "PUSH_MON",
      "PUSH_VEH",
      "FILTHY"
    ]
  },
  {
    "id": "mon_zombie_brute_grappler",
    "type": "MONSTER",
    "name": { "str": "zombie wrestler" },
    "description": "A slab of festering muscle the size of a well-toned bodybuilder.  Seems eager to strangle the life from you.",
    "default_faction": "zombie",
    "bodytype": "human",
    "species": [ "ZOMBIE", "HUMAN" ],
    "diff": 2,
    "volume": "62500 ml",
    "weight": "81500 g",
    "hp": 280,
    "speed": 95,
    "material": [ "flesh" ],
    "symbol": "Z",
    "color": "red_white",
    "aggression": 100,
    "morale": 100,
    "melee_skill": 7,
    "melee_dice": 3,
    "melee_dice_sides": 8,
    "melee_cut": 1,
    "dodge": 3,
    "armor_bash": 10,
    "armor_cut": 14,
    "armor_bullet": 11,
    "armor_stab": 8,
    "vision_day": 10,
    "vision_night": 15,
    "harvest": "zombie",
    "special_attacks": [ [ "UPGRADE", 1 ], { "type": "leap", "cooldown": 1, "max_range": 8 }, [ "RESURRECT", 1 ], [ "SMASH", 30 ], [ "BIO_OP_TAKEDOWN", 20 ], [ "RANGED_PULL", 20 ], [ "GRAB_DRAG", 10 ] ],
    "death_drops": "default_zombie_death_drops",
    "death_function": [ "NORMAL" ],
    "burn_into": "mon_zombie_fiend",
    "flags": [
      "SEES", "HEARS",
      "GOODHEARING",
      "KEENNOSE",
      "CLIMBS",
      "SMELLS",
      "STUMBLES",
      "WARM",
      "BASHES",
      "GROUP_BASH",
      "CAN_OPEN_DOORS",
      "PATH_AVOID_DANGER_1",
      "POISON",
      "NO_BREATHE",
      "REVIVES",
      "PUSH_MON",
      "PUSH_VEH",
      "FILTHY"
    ]
  },
  {
    "id": "mon_zombie_brute_ninja",
    "type": "MONSTER",
    "name": { "str": "zombie nightstalker" },
    "description": "Somehow this brute hides in the dark like some kind of boogeyman.  Very agile for such a large zombie.",
    "default_faction": "zombie",
    "bodytype": "human",
    "species": [ "ZOMBIE", "HUMAN" ],
    "diff": 2,
    "volume": "62500 ml",
    "weight": "81500 g",
    "hp": 200,
    "speed": 90,
    "material": [ "flesh" ],
    "symbol": "Z",
    "color": "dark_gray_red",
    "aggression": 100,
    "morale": 100,
    "melee_skill": 5,
    "melee_dice": 4,
    "melee_dice_sides": 4,
    "melee_cut": 4,
    "dodge": 4,
    "armor_bash": 8,
    "armor_cut": 5,
    "armor_bullet": 4,
    "vision_day": 5,
    "vision_night": 40,
    "harvest": "zombie",
    "special_attacks": [ [ "UPGRADE", 1 ], { "type": "leap", "cooldown": 1, "max_range": 8 }, [ "RESURRECT", 1 ], [ "SMASH", 40 ], [ "STRETCH_ATTACK", 20 ], [ "LONGSWIPE", 20 ] ],
    "death_drops": "default_zombie_death_drops",
    "death_function": [ "NORMAL" ],
    "burn_into": "mon_zombie_fiend",
    "flags": [
      "SEES", "HEARS",
      "GOODHEARING",
      "KEENNOSE",
      "CLIMBS",
      "GOODHEARING",
      "SMELLS",
      "WARM",
      "BASHES",
      "GROUP_BASH",
      "CAN_OPEN_DOORS",
      "PATH_AVOID_DANGER_1",
      "POISON",
      "NIGHT_INVISIBILITY",
      "NO_BREATHE",
      "REVIVES",
      "PUSH_MON",
      "PUSH_VEH",
      "FILTHY"
    ]
  },
  {
    "id": "mon_zombie_ears",
    "type": "MONSTER",
    "name": { "str": "listener zombie" },
    "//": "Upgraded version of brainless.  Regenerating Skull with huge ears.",
    "description": "The head of this zombie was once obviously destroyed, the gaps in its scraps of face now filling with a peculiar gray goo.  Human ears hang from the sides, enormous and unsettling.  Thin slits at the front suggest it may be able to see.",
    "default_faction": "zombie",
    "species": [ "ZOMBIE", "HUMAN" ],
    "volume": "62275 ml",
    "weight": "79800 g",
    "//2": "Weight and volume changed to reflect a (mostly) lack of head.",
    "hp": 90,
    "speed": 70,
    "material": [ "flesh" ],
    "symbol": "Z",
    "color": "light_green",
    "aggression": 100,
    "morale": 100,
    "melee_skill": 4,
    "melee_dice": 2,
    "melee_dice_sides": 4,
    "melee_cut": 0,
    "vision_day": 10,
    "vision_night": 15,
    "harvest": "zombie",
    "special_attacks": [ [ "UPGRADE", 1 ], { "type": "leap", "cooldown": 1, "max_range": 8 }, [ "RESURRECT", 1 ], [ "GRAB", 6 ], [ "scratch", 20 ] ],
    "//3": "Removed Bite as this creature does not have a 'mouth'.",
    "death_drops": "default_zombie_death_drops",
    "death_function": [ "NORMAL" ],
    "burn_into": "mon_zombie_scorched",
    "upgrades": { "half_life": 28, "into": "mon_zombie_skull" },
    "flags": [
      "SEES", "HEARS",
      "GOODHEARING",
      "KEENNOSE",
      "CLIMBS",
      "GOODHEARING",
      "STUMBLES",
      "WARM",
      "BASHES",
      "GROUP_BASH",
      "CAN_OPEN_DOORS",
      "PATH_AVOID_DANGER_1",
      "POISON",
      "BLEED",
      "NOHEAD",
      "NO_BREATHE",
      "REVIVES",
      "PUSH_MON",
      "FILTHY"
    ]
  },
  {
    "id": "mon_zombie_grabber",
    "type": "MONSTER",
    "name": { "str": "grabber zombie" },
    "description": "A deformed human body, once living.  Its arms dangle from its sides like the limbs of some skinless ape, mindlessly groping at their surroundings.",
    "default_faction": "zombie",
    "bodytype": "human",
    "species": [ "ZOMBIE", "HUMAN" ],
    "volume": "62500 ml",
    "weight": "81500 g",
    "hp": 95,
    "speed": 80,
    "material": [ "flesh" ],
    "symbol": "Z",
    "color": "cyan",
    "aggression": 100,
    "morale": 100,
    "melee_skill": 5,
    "melee_dice": 2,
    "melee_dice_sides": 4,
    "melee_cut": 0,
    "dodge": 1,
    "vision_day": 10,
    "vision_night": 15,
    "harvest": "zombie",
    "special_attacks": [ [ "UPGRADE", 1 ], { "type": "leap", "cooldown": 1, "max_range": 8 }, [ "RESURRECT", 1 ], { "type": "bite", "cooldown": 5 }, [ "scratch", 20 ] ],
    "death_drops": "default_zombie_death_drops",
    "death_function": [ "NORMAL" ],
    "burn_into": "mon_zombie_scorched",
    "fungalize_into": "mon_zombie_fungus",
    "upgrades": { "half_life": 14, "into_group": "GROUP_ZOMBIE_GRAB" },
    "flags": [
      "SEES", "HEARS",
      "GOODHEARING",
      "KEENNOSE",
      "CLIMBS",
      "SMELLS",
      "STUMBLES",
      "WARM",
      "BASHES",
      "GROUP_BASH",
      "CAN_OPEN_DOORS",
      "PATH_AVOID_DANGER_1",
      "POISON",
      "BLEED",
      "GRABS",
      "NO_BREATHE",
      "REVIVES",
      "PUSH_MON",
      "FILTHY"
    ]
  },
  {
    "id": "mon_zombie_grappler",
    "type": "MONSTER",
    "name": { "str": "grappler zombie" },
    "description": "An undead humanoid, its elongated arms drag along the ground as it moves.  It looks to almost have a hunch from the swollen back and shoulder muscles tearing though its skin.",
    "default_faction": "zombie",
    "bodytype": "human",
    "species": [ "ZOMBIE", "HUMAN" ],
    "volume": "62500 ml",
    "weight": "81500 g",
    "hp": 110,
    "speed": 85,
    "material": [ "flesh" ],
    "symbol": "Z",
    "color": "cyan_white",
    "aggression": 100,
    "morale": 100,
    "melee_skill": 5,
    "melee_dice": 4,
    "melee_dice_sides": 5,
    "melee_cut": 0,
    "dodge": 2,
    "vision_day": 10,
    "vision_night": 15,
    "harvest": "zombie",
    "special_attacks": [ [ "UPGRADE", 1 ], { "type": "leap", "cooldown": 1, "max_range": 8 }, [ "RESURRECT", 1 ], [ "RANGED_PULL", 20 ], [ "GRAB_DRAG", 3 ], { "type": "bite", "cooldown": 5 } ],
    "death_drops": "default_zombie_death_drops",
    "death_function": [ "NORMAL" ],
    "burn_into": "mon_zombie_scorched",
    "fungalize_into": "mon_zombie_fungus",
    "flags": [
      "SEES", "HEARS",
      "GOODHEARING",
      "KEENNOSE",
      "CLIMBS",
      "SMELLS",
      "STUMBLES",
      "WARM",
      "BASHES",
      "GROUP_BASH",
      "CAN_OPEN_DOORS",
      "PATH_AVOID_DANGER_1",
      "POISON",
      "BLEED",
      "NO_BREATHE",
      "REVIVES",
      "PUSH_MON",
      "FILTHY"
    ]
  },
  {
    "id": "mon_zombie_hollow",
    "type": "MONSTER",
    "name": { "str": "zombie hollow" },
    "description": "Black hollow eyes survey the surroundings as the zombie stretches and bends in ways that whoever the original body belonged to never could.  The only thing that seems solid, on this flexible black-veined body, is the rows of sharp black teeth.  You get the feeling that the only human thing remaining is the skin, worn as one would wear clothes.",
    "default_faction": "zombie",
    "bodytype": "human",
    "species": [ "ZOMBIE", "HUMAN" ],
    "volume": "62500 ml",
    "weight": "81500 g",
    "hp": 100,
    "speed": 70,
    "material": [ "flesh" ],
    "symbol": "Z",
    "color": "black_white",
    "aggression": 100,
    "morale": 100,
    "melee_skill": 6,
    "melee_dice": 2,
    "melee_dice_sides": 6,
    "melee_cut": 4,
    "dodge": 4,
    "armor_bash": 8,
    "armor_cut": 4,
    "armor_bullet": 3,
    "armor_stab": 10,
    "vision_day": 10,
    "vision_night": 15,
    "harvest": "zombie",
    "special_attacks": [ [ "UPGRADE", 1 ], { "type": "leap", "cooldown": 1, "max_range": 8 }, [ "RESURRECT", 1 ], [ "STRETCH_BITE", 10 ], [ "STRETCH_ATTACK", 5 ] ],
    "death_function": [ "BLOBSPLIT" ],
    "flags": [ "SEES", "HEARS",
      "GOODHEARING",
      "KEENNOSE", "ABSORBS_SPLITS",
      "CLIMBS", "SMELLS", "WARM", "BASHES", "GROUP_BASH", "CAN_OPEN_DOORS", "PATH_AVOID_DANGER_1", "POISON", "NO_BREATHE", "FILTHY" ]
  },
  {
    "id": "mon_zombie_hulk",
    "type": "MONSTER",
    "name": { "str": "zombie hulk" },
    "description": "A human body now swollen to the size of six men, with arms as wide as a trash can.",
    "default_faction": "zombie",
    "bodytype": "human",
    "species": [ "ZOMBIE", "HUMAN" ],
    "diff": 5,
    "volume": "875000 ml",
    "weight": "200 kg",
    "hp": 480,
    "speed": 130,
    "material": [ "flesh" ],
    "symbol": "Z",
    "color": "white_magenta",
    "aggression": 100,
    "morale": 100,
    "melee_skill": 5,
    "melee_dice": 4,
    "melee_dice_sides": 8,
    "melee_cut": 0,
    "armor_bash": 8,
    "armor_cut": 12,
    "armor_bullet": 10,
    "vision_day": 10,
    "vision_night": 15,
    "harvest": "zombie",
    "special_attacks": [ [ "UPGRADE", 1 ], { "type": "leap", "cooldown": 1, "max_range": 8 }, [ "RESURRECT", 1 ], [ "SMASH", 20 ] ],
    "death_drops": "mon_zombie_hulk_death_drops",
    "death_function": [ "NORMAL" ],
    "fungalize_into": "mon_zombie_fungus",
    "flags": [
      "SEES", "HEARS",
      "GOODHEARING",
      "KEENNOSE",
      "CLIMBS",
      "SMELLS",
      "STUMBLES",
      "WARM",
      "BASHES",
      "GROUP_BASH", 
      "CAN_OPEN_DOORS", 
      "PATH_AVOID_DANGER_1",
      "DESTROYS",
      "POISON",
      "ATTACKMON",
      "NO_BREATHE",
      "REVIVES",
      "PUSH_MON",
      "PUSH_VEH",
      "FILTHY"
    ]
  },
  {
    "id": "mon_zombie_hunter",
    "type": "MONSTER",
    "name": { "str": "zombie hunter" },
    "description": "This once-human body is barely recognizable, scrambling about on all fours, its nails and teeth both sharpened into dangerous looking spikes.",
    "default_faction": "zombie",
    "bodytype": "human",
    "species": [ "ZOMBIE", "HUMAN" ],
    "volume": "62500 ml",
    "weight": "81500 g",
    "hp": 90,
    "speed": 110,
    "material": [ "flesh" ],
    "symbol": "Z",
    "color": "brown",
    "aggression": 100,
    "morale": 100,
    "melee_skill": 4,
    "melee_dice": 2,
    "melee_dice_sides": 4,
    "melee_cut": 2,
    "dodge": 3,
    "vision_day": 10,
    "vision_night": 15,
    "harvest": "zombie",
    "special_attacks": [ [ "UPGRADE", 1 ], { "type": "leap", "cooldown": 1, "max_range": 8 }, [ "RESURRECT", 1 ],
      { "id": "scratch", "damage_max_instance": [ { "damage_type": "cut", "amount": 12 } ] },
      { "type": "leap", "cooldown": 5, "max_range": 5 },
      {
        "type": "bite",
        "cooldown": 10,
        "damage_max_instance": [ { "damage_type": "stab", "amount": 12, "armor_multiplier": 0.7 } ]
      }
    ],
    "death_drops": "default_zombie_death_drops",
    "death_function": [ "NORMAL" ],
    "burn_into": "mon_zombie_scorched",
    "fungalize_into": "mon_zombie_fungus",
    "upgrades": { "half_life": 28, "into": "mon_zombie_predator" },
    "flags": [ "SEES", "HEARS",
      "GOODHEARING",
      "KEENNOSE",
      "CLIMBS", "SMELLS", "WARM", "BASHES", "GROUP_BASH", "CAN_OPEN_DOORS", "PATH_AVOID_DANGER_1", "POISON", "NO_BREATHE", "REVIVES", "CLIMBS", "PUSH_MON", "FILTHY" ]
  },
  {
    "id": "mon_zombie_jackson",
    "type": "MONSTER",
    "name": { "str": "Thriller" },
    "description": "And though you fight to stay alive,\nYour body starts to shiver.\nFor no mere mortal can resist,\nThe evil of the thriller.",
    "default_faction": "zombie",
    "bodytype": "human",
    "species": [ "ZOMBIE", "HUMAN" ],
    "volume": "62500 ml",
    "weight": "81500 g",
    "hp": 100,
    "speed": 100,
    "material": [ "flesh" ],
    "symbol": "Z",
    "color": "dark_gray_red",
    "aggression": 2,
    "morale": 100,
    "melee_skill": 9,
    "melee_dice": 1,
    "melee_dice_sides": 5,
    "melee_cut": 0,
    "dodge": 6,
    "armor_bash": 2,
    "armor_cut": 2,
    "armor_bullet": 2,
    "vision_day": 10,
    "vision_night": 15,
    "harvest": "zombie",
    "special_attacks": [ [ "UPGRADE", 1 ], { "type": "leap", "cooldown": 1, "max_range": 8 }, [ "RESURRECT", 1 ], [ "JACKSON", 0 ] ],
    "death_drops": "jackson_drops",
    "death_function": [ "JACKSON" ],
    "flags": [ "SMELLS", "WARM", "BASHES", "BLEED", "NO_BREATHE", "POISON", "FILTHY" ]
  },
  {
    "id": "mon_zombie_mancroc",
    "type": "MONSTER",
    "name": { "str": "zombie snapper" },
    "description": "With a crocodile-like snout and rows of protruding teeth, this swimwear-clad zombie lurks in the water.",
    "default_faction": "zombie",
    "bodytype": "human",
    "species": [ "ZOMBIE", "HUMAN" ],
    "volume": "62500 ml",
    "weight": "81500 g",
    "hp": 120,
    "speed": 100,
    "material": [ "flesh" ],
    "symbol": "Z",
    "color": "light_green_cyan",
    "aggression": 100,
    "morale": 100,
    "melee_skill": 4,
    "melee_dice": 3,
    "melee_dice_sides": 5,
    "melee_cut": 6,
    "dodge": 2,
    "armor_bash": 8,
    "armor_cut": 10,
    "armor_bullet": 8,
    "vision_day": 10,
    "vision_night": 15,
    "harvest": "zombie",
    "special_attacks": [ [ "UPGRADE", 1 ], { "type": "leap", "cooldown": 1, "max_range": 8 }, [ "RESURRECT", 1 ],
      {
        "type": "bite",
        "cooldown": 10,
        "accuracy": 6,
        "damage_max_instance": [
          { "damage_type": "stab", "amount": 8, "armor_multiplier": 0.3 },
          { "damage_type": "bash", "amount": 16, "armor_multiplier": 0.3 }
        ]
      },
      [ "GRAB", 20 ],
      [ "GRAB_DRAG", 10 ]
    ],
    "death_drops": "mon_zombie_swimmer_death_drops",
    "death_function": [ "NORMAL" ],
    "burn_into": "mon_zombie_scorched",
    "flags": [
      "SEES", "HEARS",
      "GOODHEARING",
      "KEENNOSE",
      "CLIMBS",
      "SMELLS",
      "STUMBLES",
      "WARM",
      "BASHES",
      "GROUP_BASH",
      "CAN_OPEN_DOORS",
      "PATH_AVOID_DANGER_1",
      "POISON",
      "BLEED",
      "GRABS",
      "NO_BREATHE",
      "REVIVES",
      "PUSH_MON",
      "SWIMS",
      "FILTHY"
    ]
  },
  {
    "id": "mon_zombie_master",
    "type": "MONSTER",
    "name": { "str": "zombie master" },
    "description": "Once human, its features have tightened, its lips pulled back into an unnatural grin, revealing rows of blackened teeth beneath its large, piercing eyes.  It stands tall and its movements are fluid and tightly controlled.  A feeling of danger permeates the air around it, and the light that falls on it seems somehow harsher and more glaring.",
    "default_faction": "zombie",
    "bodytype": "human",
    "species": [ "ZOMBIE", "HUMAN" ],
    "diff": 20,
    "volume": "62500 ml",
    "weight": "81500 g",
    "hp": 180,
    "speed": 180,
    "regenerates": 25,
    "material": [ "flesh" ],
    "symbol": "Z",
    "color": "pink_red",
    "aggression": 5,
    "morale": 100,
    "melee_skill": 5,
    "melee_dice": 2,
    "melee_dice_sides": 6,
    "melee_cut": 0,
    "dodge": 4,
    "armor_bash": 2,
    "armor_cut": 2,
    "armor_bullet": 2,
    "vision_day": 10,
    "vision_night": 15,
    "harvest": "zombie",
    "path_settings": { "max_dist": 10 },
    "special_attacks": [ [ "UPGRADE", 1 ], { "type": "leap", "cooldown": 1, "max_range": 8 }, [ "RESURRECT", 1 ] ],
    "anger_triggers": [ "HURT", "PLAYER_CLOSE", "PLAYER_WEAK" ],
    "death_drops": "default_zombie_death_drops",
    "death_function": [ "NORMAL" ],
    "burn_into": "mon_zombie_scorched",
    "flags": [
      "SEES", "HEARS",
      "GOODHEARING",
      "KEENNOSE",
      "CLIMBS",
      "SMELLS",
      "WARM",
      "BASHES",
      "POISON",
      "NO_BREATHE",
      "REVIVES",
      "PATH_AVOID_DANGER_2",
      "PRIORITIZE_TARGETS",
      "FILTHY",
      "NIGHT_INVISIBILITY",
      "NO_FUNG_DMG",
      "BIOPROOF"
    ]
  },
  {
    "id": "mon_zombie_necro",
    "type": "MONSTER",
    "name": { "str": "zombie necromancer" },
    "description": "A twisted mockery of the human form, emaciated, with jet black skin and glowing red eyes.  It is somehow painful to look at, awakening fears deep within your psyche, and even the air around it seems more sinister, somehow darker and more dangerous.",
    "default_faction": "zombie",
    "bodytype": "human",
    "species": [ "ZOMBIE", "HUMAN" ],
    "diff": 20,
    "volume": "62500 ml",
    "weight": "81500 g",
    "hp": 100,
    "speed": 150,
    "regenerates": 25,
    "material": [ "flesh" ],
    "symbol": "Z",
    "color": "dark_gray",
    "aggression": 5,
    "morale": 100,
    "melee_skill": 4,
    "melee_dice": 3,
    "melee_dice_sides": 6,
    "melee_cut": 2,
    "dodge": 2,
    "vision_day": 10,
    "vision_night": 15,
    "harvest": "zombie",
    "path_settings": { "max_dist": 10 },
    "special_attacks": [ [ "UPGRADE", 1 ], { "type": "leap", "cooldown": 1, "max_range": 8 }, [ "RESURRECT", 1 ], [ "UPGRADE", 10 ], [ "RESURRECT", 0 ] ],
    "anger_triggers": [ "HURT", "PLAYER_CLOSE", "PLAYER_WEAK" ],
    "death_drops": "default_zombie_death_drops",
    "death_function": [ "NORMAL" ],
    "burn_into": "mon_zombie_scorched",
    "flags": [
      "SEES", "HEARS",
      "GOODHEARING",
      "KEENNOSE",
      "CLIMBS",
      "SMELLS",
      "STUMBLES",
      "WARM",
      "BASHES",
      "POISON",
      "NO_BREATHE",
      "REVIVES",
      "PATH_AVOID_DANGER_1",
      "PRIORITIZE_TARGETS",
      "FILTHY",
      "NIGHT_INVISIBILITY",
      "NO_FUNG_DMG",
      "BIOPROOF"
    ]
  },
  {
    "id": "mon_zombie_runner",
    "type": "MONSTER",
    "name": { "str": "zombie runner" },
    "description": "This recently-risen body moves quickly, darting its head back and forth and gnawing at its hands.",
    "default_faction": "zombie",
    "bodytype": "human",
    "species": [ "ZOMBIE", "HUMAN" ],
    "volume": "62500 ml",
    "weight": "81500 g",
    "hp": 70,
    "speed": 105,
    "material": [ "flesh" ],
    "symbol": "Z",
    "color": "brown_white",
    "aggression": 100,
    "morale": 100,
    "melee_skill": 4,
    "melee_dice": 4,
    "melee_dice_sides": 3,
    "melee_cut": 1,
    "dodge": 1,
    "vision_day": 10,
    "vision_night": 15,
    "harvest": "zombie",
    "path_settings": { "max_dist": 4 },
    "special_attacks": [ [ "UPGRADE", 1 ], { "type": "leap", "cooldown": 1, "max_range": 8 }, [ "RESURRECT", 1 ],
      [ "scratch", 10 ],
      {
        "type": "bite",
        "cooldown": 5,
        "damage_max_instance": [ { "damage_type": "stab", "amount": 10, "armor_multiplier": 0.7 } ]
      }
    ],
    "death_drops": "default_zombie_death_drops",
    "death_function": [ "NORMAL" ],
    "burn_into": "mon_zombie_scorched",
    "upgrades": { "half_life": 20, "into": "mon_zombie_hunter" },
    "flags": [ "SEES", "HEARS",
      "GOODHEARING",
      "KEENNOSE",
      "CLIMBS", "SMELLS", "WARM", "BASHES", "GROUP_BASH", "CAN_OPEN_DOORS", "PATH_AVOID_DANGER_1", "POISON", "NO_BREATHE", "REVIVES", "PUSH_MON", "FILTHY" ]
  },
  {
    "id": "mon_zombie_predator",
    "type": "MONSTER",
    "name": { "str": "zombie predator" },
    "description": "With its joints in odd places and angles, this humanoid creature prowls across the landscape with surprising speed.  Its teeth and arms are sharpened into fine points, and black ooze seeps out from cuts between its muscles.",
    "default_faction": "zombie",
    "bodytype": "human",
    "species": [ "ZOMBIE", "HUMAN" ],
    "volume": "62500 ml",
    "weight": "81500 g",
    "hp": 90,
    "speed": 140,
    "material": [ "flesh" ],
    "symbol": "Z",
    "color": "brown_green",
    "aggression": 100,
    "morale": 100,
    "melee_skill": 5,
    "melee_dice": 4,
    "melee_dice_sides": 4,
    "melee_cut": 5,
    "dodge": 5,
    "armor_bash": 5,
    "armor_cut": 5,
    "armor_bullet": 4,
    "vision_day": 60,
    "vision_night": 15,
    "harvest": "zombie",
    "path_settings": { "max_dist": 5 },
    "special_attacks": [ [ "UPGRADE", 1 ], { "type": "leap", "cooldown": 1, "max_range": 8 }, [ "RESURRECT", 1 ],
      { "type": "leap", "cooldown": 10, "max_range": 8, "min_consider_range": 3, "max_consider_range": 7 },
      {
        "type": "bite",
        "cooldown": 10,
        "damage_max_instance": [ { "damage_type": "stab", "amount": 10, "armor_multiplier": 0.2 } ]
      },
      { "id": "impale" }
    ],
    "death_drops": "default_zombie_death_drops",
    "death_function": [ "NORMAL" ],
    "burn_into": "mon_zombie_scorched",
    "flags": [ "SEES", "HEARS",
      "GOODHEARING",
      "KEENNOSE",
      "NIGHT_INVISIBILITY",
      "CLIMBS", "SMELLS", "WARM", "BASHES", "POISON", "GROUP_BASH", "CAN_OPEN_DOORS", "PATH_AVOID_DANGER_1", "NO_BREATHE", "REVIVES", "PUSH_MON", "FILTHY" ]
  },
  {
    "id": "mon_zombie_screecher",
    "type": "MONSTER",
    "name": { "str": "screecher zombie" },
    "description": "A thin corpse, its chest is swollen in what appears to be preparation.  A thick black ooze drips from its open mouth.",
    "default_faction": "zombie",
    "bodytype": "human",
    "species": [ "ZOMBIE", "HUMAN" ],
    "diff": 2,
    "volume": "62500 ml",
    "weight": "81500 g",
    "hp": 85,
    "speed": 100,
    "material": [ "flesh" ],
    "symbol": "Z",
    "color": "magenta_cyan",
    "aggression": 100,
    "morale": 100,
    "melee_skill": 5,
    "melee_dice": 3,
    "melee_dice_sides": 4,
    "melee_cut": 5,
    "dodge": 2,
    "vision_day": 10,
    "vision_night": 15,
    "harvest": "zombie",
    "special_attacks": [ [ "UPGRADE", 1 ], { "type": "leap", "cooldown": 1, "max_range": 8 }, [ "RESURRECT", 1 ], [ "SHRIEK_ALERT", 20 ], [ "SHRIEK_STUN", 1 ], [ "scratch", 20 ] ],
    "death_drops": "default_zombie_death_drops",
    "death_function": [ "NORMAL" ],
    "burn_into": "mon_zombie_scorched",
    "flags": [ "KEENNOSE", "STUMBLES", "WARM", "BASHES", "GROUP_BASH", "POISON", "NO_BREATHE", "REVIVES", "FILTHY" ]
  },
  {
    "id": "mon_zombie_shady",
    "type": "MONSTER",
    "name": { "str": "shady zombie" },
    "description": "An uncanny shadow envelops this creature, as if light itself were too repulsed to touch it.  All you can make out is its shambling, human shaped outline.",
    "default_faction": "zombie",
    "bodytype": "human",
    "species": [ "ZOMBIE", "HUMAN" ],
    "volume": "62500 ml",
    "weight": "81500 g",
    "hp": 80,
    "speed": 70,
    "material": [ "flesh" ],
    "symbol": "Z",
    "color": "light_gray",
    "aggression": 100,
    "morale": 100,
    "melee_skill": 4,
    "melee_dice": 2,
    "melee_dice_sides": 3,
    "melee_cut": 0,
    "vision_day": 3,
    "vision_night": 40,
    "harvest": "zombie",
    "special_attacks": [ [ "UPGRADE", 1 ], { "type": "leap", "cooldown": 1, "max_range": 8 }, [ "RESURRECT", 1 ], { "type": "bite", "cooldown": 5 }, [ "GRAB", 7 ], [ "scratch", 20 ] ],
    "death_drops": "default_zombie_death_drops",
    "death_function": [ "NORMAL" ],
    "burn_into": "mon_zombie_scorched",
    "flags": [
      "SEES", "HEARS",
      "GOODHEARING",
      "KEENNOSE",
      "CLIMBS",
      "SMELLS",
      "STUMBLES",
      "WARM",
      "BASHES",
      "GROUP_BASH",
      "CAN_OPEN_DOORS",
      "PATH_AVOID_DANGER_1",
      "POISON",
      "BLEED",
      "NO_BREATHE",
      "REVIVES",
      "PUSH_MON",
      "FILTHY"
    ]
  },
  {
    "id": "mon_shia",
    "type": "MONSTER",
    "name": { "str_sp": "Shia LaBeouf" },
    "description": "Living in the woods,\nkilling for sport,\neating all the bodies,\nactual cannibal Shia LaBeouf.",
    "default_faction": "zombie",
    "bodytype": "human",
    "species": [ "ZOMBIE" ],
    "volume": "62500 ml",
    "weight": "81500 g",
    "hp": 50,
    "speed": 110,
    "material": [ "flesh" ],
    "symbol": "@",
    "color": "red",
    "aggression": 100,
    "morale": 100,
    "melee_skill": 9,
    "melee_dice": 3,
    "melee_dice_sides": 6,
    "melee_cut": 6,
    "dodge": 4,
    "vision_day": 10,
    "vision_night": 15,
    "harvest": "human",
    "special_attacks": [ [ "UPGRADE", 1 ], { "type": "leap", "cooldown": 1, "max_range": 8 }, [ "RESURRECT", 1 ], [ "BRANDISH", 10 ] ],
    "anger_triggers": [ "STALK", "PLAYER_WEAK", "HURT", "PLAYER_CLOSE" ],
    "fear_triggers": [ "FIRE" ],
    "death_drops": { "groups": [ [ "shia_stuff", 1 ] ] },
    "death_function": [ "NORMAL" ],
    "flags": [
      "SEES", "HEARS",
      "GOODHEARING",
      "KEENNOSE",
      "CLIMBS",
      "WARM",
      "BASHES",
      "POISON",
      "BLEED",
      "NO_BREATHE",
      "PATH_AVOID_DANGER_2",
      "PRIORITIZE_TARGETS",
      "FILTHY"
    ]
  },
  {
    "id": "mon_zombie_shrieker",
    "type": "MONSTER",
    "name": { "str": "shrieker zombie" },
    "description": "An elongated human body with a swollen chest and a gaping hole where its jaw used to be.",
    "default_faction": "zombie",
    "bodytype": "human",
    "species": [ "ZOMBIE", "HUMAN" ],
    "diff": 2,
    "volume": "62500 ml",
    "weight": "81500 g",
    "hp": 60,
    "speed": 95,
    "material": [ "flesh" ],
    "symbol": "Z",
    "color": "magenta",
    "aggression": 100,
    "morale": 100,
    "melee_skill": 3,
    "melee_dice": 2,
    "melee_dice_sides": 4,
    "melee_cut": 0,
    "dodge": 1,
    "vision_day": 10,
    "vision_night": 15,
    "harvest": "zombie",
    "special_attacks": [ [ "UPGRADE", 1 ], { "type": "leap", "cooldown": 1, "max_range": 8 }, [ "RESURRECT", 1 ], [ "SHRIEK", 10 ], [ "GRAB", 7 ], [ "scratch", 20 ] ],
    "death_drops": "default_zombie_death_drops",
    "death_function": [ "NORMAL" ],
    "burn_into": "mon_zombie_scorched",
    "fungalize_into": "mon_zombie_fungus",
    "upgrades": { "half_life": 10, "into": "mon_zombie_screecher" },
    "flags": [
      "SEES", "HEARS",
      "GOODHEARING",
      "KEENNOSE",
      "CLIMBS",
      "SMELLS",
      "STUMBLES",
      "WARM",
      "BASHES",
      "GROUP_BASH",
      "CAN_OPEN_DOORS",
      "PATH_AVOID_DANGER_1",
      "POISON",
      "NO_BREATHE",
      "REVIVES",
      "PUSH_MON",
      "FILTHY"
    ]
  },
  {
    "id": "mon_zombie_skull",
    "type": "MONSTER",
    "name": { "str": "skull zombie" },
    "//": "Highest upgrade of brainless/ear zombie.  Still immune to headshots, as there's nothing critical there.",
    "description": "This creature's head is a hideous gray skull, formed of human bone fragments and some sort of goo.  Jagged teeth are visible as the thing works its jaw and disturbingly human, lidless eyes stare at you from their sockets.  The thing's fleshy ears are four sizes too large and droop under their own weight.",
    "default_faction": "zombie",
    "species": [ "ZOMBIE", "HUMAN" ],
    "volume": "62500 ml",
    "weight": "81500 g",
    "hp": 135,
    "speed": 100,
    "material": [ "flesh" ],
    "symbol": "Z",
    "color": "light_gray",
    "aggression": 100,
    "morale": 100,
    "melee_skill": 4,
    "melee_dice": 4,
    "melee_dice_sides": 4,
    "melee_cut": 2,
    "dodge": 1,
    "armor_bash": 5,
    "armor_cut": 3,
    "armor_bullet": 2,
    "vision_day": 10,
    "vision_night": 15,
    "harvest": "zombie",
    "special_attacks": [ [ "UPGRADE", 1 ], { "type": "leap", "cooldown": 1, "max_range": 8 }, [ "RESURRECT", 1 ], { "type": "bite", "cooldown": 5, "min_mul": 0.7 }, [ "GRAB", 6 ], [ "scratch", 15 ] ],
    "death_drops": "default_zombie_death_drops",
    "death_function": [ "NORMAL" ],
    "burn_into": "mon_zombie_scorched",
    "flags": [
      "SEES", "HEARS",
      "GOODHEARING",
      "KEENNOSE",
      "CLIMBS",
      "GOODHEARING",
      "STUMBLES",
      "WARM",
      "BASHES",
      "GROUP_BASH",
      "CAN_OPEN_DOORS",
      "PATH_AVOID_DANGER_1",
      "POISON",
      "BLEED",
      "NOHEAD",
      "NO_BREATHE",
      "REVIVES",
      "PUSH_MON",
      "FILTHY"
    ]
  },
  {
    "id": "mon_zombie_smoker",
    "type": "MONSTER",
    "name": { "str": "smoker zombie" },
    "description": "A blackened and twisted naked human body, strips of flesh hang from its body, and it emits a constant haze of thick black smoke.",
    "default_faction": "zombie",
    "bodytype": "human",
    "species": [ "ZOMBIE", "HUMAN" ],
    "volume": "62500 ml",
    "weight": "81500 g",
    "hp": 75,
    "speed": 110,
    "material": [ "flesh" ],
    "symbol": "Z",
    "color": "light_gray",
    "aggression": 100,
    "morale": 100,
    "melee_skill": 4,
    "melee_dice": 1,
    "melee_dice_sides": 6,
    "melee_cut": 2,
    "dodge": 4,
    "armor_fire": 5,
    "vision_day": 10,
    "vision_night": 15,
    "harvest": "exempt",
    "emit_fields": [ { "emit_id": "emit_smoke_stream", "delay": "1 s" } ],
    "special_attacks": [ [ "UPGRADE", 1 ], { "type": "leap", "cooldown": 1, "max_range": 8 }, [ "RESURRECT", 1 ], { "type": "bite", "cooldown": 5 }, [ "scratch", 15 ] ],
    "death_function": [ "SMOKEBURST" ],
    "fungalize_into": "mon_zombie_smoker_fungus",
    "flags": [
      "SEES", "HEARS",
      "GOODHEARING",
      "KEENNOSE",
      "CLIMBS",
      "STUMBLES",
      "WARM",
      "BASHES",
      "GROUP_BASH",
      "CAN_OPEN_DOORS",
      "PATH_AVOID_DANGER_1",
      "POISON",
      "HARDTOSHOOT",
      "NO_BREATHE",
      "REVIVES",
      "PUSH_MON",
      "FILTHY"
    ]
  },
  {
    "id": "mon_zombie_swimmer",
    "type": "MONSTER",
    "name": { "str": "swimmer zombie" },
    "description": "A slick and glistening human body.  Its hands and feet are webbed, and it is clad in swimwear.",
    "default_faction": "zombie",
    "bodytype": "human",
    "species": [ "ZOMBIE", "HUMAN" ],
    "volume": "62500 ml",
    "weight": "81500 g",
    "hp": 70,
    "speed": 95,
    "material": [ "flesh" ],
    "symbol": "Z",
    "color": "light_blue",
    "aggression": 100,
    "morale": 100,
    "melee_skill": 3,
    "melee_dice": 2,
    "melee_dice_sides": 6,
    "melee_cut": 2,
    "dodge": 2,
    "vision_day": 10,
    "vision_night": 15,
    "harvest": "zombie",
    "special_attacks": [ [ "UPGRADE", 1 ], { "type": "leap", "cooldown": 1, "max_range": 8 }, [ "RESURRECT", 1 ], { "type": "bite", "cooldown": 5 }, [ "GRAB", 7 ], [ "scratch", 20 ] ],
    "death_drops": "mon_zombie_swimmer_death_drops",
    "death_function": [ "NORMAL" ],
    "burn_into": "mon_zombie_scorched",
    "fungalize_into": "mon_zombie_fungus",
    "upgrades": { "half_life": 28, "into": "mon_zombie_mancroc" },
    "flags": [
      "SEES", "HEARS",
      "GOODHEARING",
      "KEENNOSE",
      "CLIMBS",
      "SMELLS",
      "STUMBLES",
      "WARM",
      "BASHES",
      "GROUP_BASH",
      "CAN_OPEN_DOORS",
      "PATH_AVOID_DANGER_1",
      "POISON",
      "NO_BREATHE",
      "BLEED",
      "SWIMS",
      "REVIVES",
      "PUSH_MON",
      "FILTHY"
    ]
  },
  {
    "id": "mon_zombie_technician",
    "type": "MONSTER",
    "name": { "str": "zombie technician" },
    "description": "Still wearing its work clothes and hardhat, this zombie likely used to work on power lines or other electrical equipment.",
    "default_faction": "zombie",
    "bodytype": "human",
    "species": [ "ZOMBIE", "HUMAN" ],
    "diff": 2,
    "volume": "62500 ml",
    "weight": "81500 g",
    "hp": 85,
    "speed": 75,
    "material": [ "flesh" ],
    "symbol": "Z",
    "color": "i_light_cyan",
    "aggression": 70,
    "morale": 100,
    "melee_skill": 5,
    "melee_dice": 2,
    "melee_dice_sides": 3,
    "melee_cut": 0,
    "dodge": 1,
    "armor_bash": 2,
    "armor_cut": 2,
    "armor_bullet": 2,
    "vision_day": 10,
    "vision_night": 15,
    "harvest": "CBM_TECH",
    "special_attacks": [ [ "UPGRADE", 1 ], { "type": "leap", "cooldown": 1, "max_range": 8 }, [ "RESURRECT", 1 ], [ "PULL_METAL_WEAPON", 25 ], { "type": "bite", "cooldown": 20 } ],
    "death_drops": "mon_zombie_technician_death_drops",
    "death_function": [ "NORMAL" ],
    "fungalize_into": "mon_zombie_fungus",
    "flags": [ "SEES", "HEARS",
      "GOODHEARING",
      "KEENNOSE",
      "CLIMBS", "SMELLS", "WARM", "BASHES", "GROUP_BASH", "CAN_OPEN_DOORS", "PATH_AVOID_DANGER_1", "POISON", "NO_BREATHE", "REVIVES", "FILTHY" ]
  },
  {
    "id": "mon_zombie_miner",
    "type": "MONSTER",
    "name": { "str": "zombie miner" },
    "description": "This zombie's face, hands, work clothes, and miner's helmet are fully covered with stains of coal dust.",
    "default_faction": "zombie",
    "looks_like": "mon_zombie_technician",
    "bodytype": "human",
    "species": [ "ZOMBIE", "HUMAN" ],
    "diff": 2,
    "volume": "62500 ml",
    "weight": "81500 g",
    "hp": 85,
    "speed": 75,
    "material": [ "flesh" ],
    "symbol": "Z",
    "color": "i_light_cyan",
    "aggression": 70,
    "morale": 100,
    "melee_skill": 5,
    "melee_dice": 2,
    "melee_dice_sides": 3,
    "melee_cut": 0,
    "dodge": 1,
    "armor_bash": 2,
    "armor_cut": 2,
    "armor_bullet": 2,
    "vision_day": 10,
    "vision_night": 15,
    "harvest": "zombie",
    "special_attacks": [ [ "UPGRADE", 1 ], { "type": "leap", "cooldown": 1, "max_range": 8 }, [ "RESURRECT", 1 ], { "type": "bite", "cooldown": 20 } ],
    "death_drops": "mon_zombie_miner_death_drops",
    "flags": [ "SEES", "HEARS",
      "GOODHEARING",
      "KEENNOSE",
      "CLIMBS", "SMELLS", "WARM", "BASHES", "GROUP_BASH", "CAN_OPEN_DOORS", "PATH_AVOID_DANGER_1", "POISON", "NO_BREATHE", "REVIVES", "FILTHY" ]
  },
  {
    "id": "mon_zombie_thorny",
    "type": "MONSTER",
    "name": { "str": "thorny shambler" },
    "description": "A shambling undead humanoid, body overgrown with a tangled mass of otherworldly vegetation.  Hunched over and dragging its feet as it moves, the bramble utterly enveloping its upper half twitches and moves with a life of its own, tendrils tipped with a paralytic sting.",
    "default_faction": "zombie",
    "bodytype": "human",
    "species": [ "ZOMBIE", "PLANT" ],
    "volume": "62500 ml",
    "weight": "81500 g",
    "hp": 80,
    "speed": 50,
    "material": [ "veggy" ],
    "symbol": "Z",
    "color": "light_green",
    "aggression": 100,
    "morale": 100,
    "melee_skill": 3,
    "melee_dice": 2,
    "melee_dice_sides": 3,
    "melee_cut": 4,
    "armor_bash": 2,
    "armor_cut": 4,
    "armor_bullet": 3,
    "vision_day": 10,
    "vision_night": 15,
    "harvest": "zombie_thorny",
    "attack_effs": [ { "id": "paralyzepoison", "duration": 33 } ],
    "special_attacks": [ [ "UPGRADE", 1 ], { "type": "leap", "cooldown": 1, "max_range": 8 }, [ "RESURRECT", 1 ], [ "GRAB", 7 ], [ "scratch", 20 ], [ "PARA_STING", 30 ] ],
    "death_drops": "mon_zombie_thorny_death_drops",
    "death_function": [ "NORMAL" ],
    "burn_into": "mon_zombie_scorched",
    "flags": [
      "SEES", "HEARS",
      "GOODHEARING",
      "KEENNOSE",
      "CLIMBS",
      "SMELLS",
      "STUMBLES",
      "BASHES",
      "GROUP_BASH",
      "CAN_OPEN_DOORS",
      "PATH_AVOID_DANGER_1",
      "POISON",
      "BLEED",
      "NO_BREATHE",
      "REVIVES",
      "PUSH_MON",
      "FILTHY",
      "PARALYZEVENOM"
    ]
  }
]
