[
  {
    "id": "mon_zombie_scientist",
    "type": "MONSTER",
    "name": { "str": "zombie scientist" },
    "description": "Apart from the jet-black eyes, this zombie looks less decomposed and inhuman than most.  Clad in a tattered lab coat, it seems to have a glimmer of awareness - not a human awareness, but something more sinister.  As you watch it, its movements look almost marionette-like.",
    "default_faction": "science",
    "bodytype": "human",
    "//": "zombie scientists are recognised as friendly by the lab's defense system",
    "categories": [ "CLASSIC" ],
    "species": [ "ZOMBIE", "HUMAN" ],
    "volume": "62500 ml",
    "weight": "81500 g",
    "hp": 80,
    "speed": 75,
    "material": [ "flesh" ],
    "symbol": "Z",
    "color": "white_cyan",
    "aggression": 100,
    "morale": 100,
    "melee_skill": 3,
    "melee_dice": 2,
    "melee_dice_sides": 4,
    "melee_cut": 2,
    "dodge": 1,
    "vision_day": 10,
    "vision_night": 15,
    "harvest": "CBM_SCI",
    "path_settings": { "max_dist": 5 },
    "special_attacks": [ [ "UPGRADE", 1 ], [ "RESURRECT", 1 ], [ "scratch", 20 ] ],
    "death_drops": "mon_zombie_scientist_death_drops",
    "death_function": [ "NORMAL" ],
    "burn_into": "mon_zombie_scorched",
    "upgrades": { "half_life": 28, "into_group": "GROUP_ZOMBIE_UPGRADE" },
    "flags": [
      "SEES", "HEARS",
      "GOODHEARING",
      "KEENNOSE",
      "CLIMBS",
      "SMELLS",
      "STUMBLES",
      "WARM",
      "BASHES",
      "POISON",
      "BLEED",
      "ACIDPROOF",
      "NO_BREATHE",
      "REVIVES",
      "PUSH_MON",
      "PATH_AVOID_DANGER_1",
      "CAN_OPEN_DOORS",
      "PRIORITIZE_TARGETS",
      "FILTHY"
    ]
  },
  {
    "id": "mon_zombie_labsecurity",
    "type": "MONSTER",
    "name": { "str": "zombie security guard" },
    "description": "A shambling human corpse wearing a gray uniform and bulletproof vest with \"SECURITY\" emblazoned across the front.  It looks like the guard was quite physically fit before its death; it moves quickly and powerfully, albeit clumsily.",
    "default_faction": "science",
    "//": "guards are recognised as friendly by the lab's defense system",
    "categories": [ "CLASSIC" ],
    "bodytype": "human",
    "species": [ "ZOMBIE", "HUMAN" ],
    "volume": "62500 ml",
    "weight": "81500 g",
    "hp": 100,
    "speed": 85,
    "material": [ "flesh" ],
    "symbol": "Z",
    "color": "blue",
    "aggression": 100,
    "morale": 100,
    "melee_skill": 5,
    "melee_dice": 2,
    "melee_dice_sides": 4,
    "melee_cut": 0,
    "armor_bash": 4,
    "armor_cut": 6,
    "armor_bullet": 10,
    "armor_stab": 4,
    "vision_day": 10,
    "vision_night": 15,
    "harvest": "zombie",
    "special_attacks": [ [ "UPGRADE", 1 ], [ "RESURRECT", 1 ], [ "GRAB", 10 ], [ "scratch", 10 ] ],
    "death_drops": "mon_zombie_labsecurity_death_drops",
    "death_function": [ "NORMAL" ],
    "upgrades": { "half_life": 28, "into_group": "GROUP_SOLDIER_UPGRADE" },
    "burn_into": "mon_zombie_scorched",
    "flags": [
      "SEES", "HEARS",
      "GOODHEARING",
      "KEENNOSE",
      "CLIMBS",
      "SMELLS",
      "STUMBLES",
      "WARM",
      "BASHES",
      "GROUP_BASH",
      "CAN_OPEN_DOORS",
      "PATH_AVOID_DANGER_1",
      "POISON",
      "BLEED",
      "NO_BREATHE",
      "REVIVES",
      "PUSH_MON",
      "FILTHY"
    ]
  }
]
