[
  {
    "id": "mon_zombie_acidic",
    "type": "MONSTER",
    "name": { "str": "acidic zombie" },
    "description": "A sickly-looking dead one.  Its skin looks especially thin, with a sticky, yellow fluid flowing through the clearly visible veins.",
    "default_faction": "zombie",
    "bodytype": "human",
    "species": [ "ZOMBIE", "HUMAN" ],
    "diff": 5,
    "volume": "62500 ml",
    "weight": "81500 g",
    "hp": 65,
    "speed": 80,
    "material": [ "flesh" ],
    "symbol": "Z",
    "color": "light_gray_yellow",
    "aggression": 100,
    "morale": 100,
    "melee_skill": 3,
    "melee_dice": 2,
    "melee_dice_sides": 3,
    "melee_cut": 0,
    "dodge": 1,
    "vision_day": 10,
    "vision_night": 15,
    "harvest": "zombie",
    "special_attacks": [ [ "UPGRADE", 1 ], [ "RESURRECT", 1 ], [ "ACID_BARF", 10 ] ],
    "death_drops": "default_zombie_death_drops",
    "death_function": [ "ACID", "NORMAL" ],
    "burn_into": "mon_zombie_scorched",
    "upgrades": { "half_life": 10, "into": "mon_zombie_spitter" },
    "flags": [
      "SEES", "HEARS",
      "GOODHEARING",
      "KEENNOSE",
      "CLIMBS",
      "SMELLS",
      "STUMBLES",
      "WARM",
      "BASHES",
      "GROUP_BASH",
      "CAN_OPEN_DOORS",
      "PATH_AVOID_DANGER_1",
      "POISON",
      "ACIDPROOF",
      "ACID_BLOOD",
      "NO_BREATHE",
      "REVIVES",
      "PUSH_MON",
      "FILTHY"
    ]
  },
  {
    "id": "mon_zombie_corrosive",
    "type": "MONSTER",
    "name": { "str": "corrosive zombie" },
    "description": "This body has swollen to immense proportions, but still manages to hold itself together with semi-congealed acid all over its bloated body.  It clumsily moves around, but attacks with a large reserve of acid.",
    "default_faction": "zombie",
    "bodytype": "human",
    "species": [ "ZOMBIE", "HUMAN" ],
    "diff": 15,
    "volume": "92500 ml",
    "weight": "120 kg",
    "hp": 140,
    "speed": 75,
    "material": [ "flesh" ],
    "symbol": "Z",
    "color": "yellow_white",
    "aggression": 100,
    "morale": 100,
    "melee_skill": 1,
    "melee_dice": 1,
    "melee_dice_sides": 6,
    "melee_cut": 0,
    "armor_bash": 10,
    "armor_cut": 2,
    "armor_bullet": 2,
    "armor_stab": 12,
    "vision_day": 10,
    "vision_night": 15,
    "luminance": 0,
    "harvest": "zombie",
    "special_attacks": [ [ "UPGRADE", 1 ], [ "RESURRECT", 1 ],
      {
        "type": "gun",
        "cooldown": 5,
        "move_cost": 50,
        "gun_type": "acid_spit",
        "fake_skills": [ [ "gun", 8 ], [ "rifle", 8 ] ],
        "fake_dex": 8,
        "fake_per": 8,
        "require_targeting_player": false,
        "description": "The corrosive zombie spits a glob of acid!",
        "ranges": [ [ 2, 10, "DEFAULT" ] ]
      },
      [ "ACID_BARF", 5 ]
    ],
    "special_when_hit": [ "ACIDSPLASH", 100 ],
    "death_drops": "default_zombie_death_drops",
    "death_function": [ "ACID", "NORMAL" ],
    "burn_into": "mon_zombie_scorched",
    "flags": [
      "SEES", "HEARS",
      "GOODHEARING",
      "KEENNOSE",
      "CLIMBS",
      "SMELLS",
      "STUMBLES",
      "WARM",
      "BASHES",
      "GROUP_BASH",
      "CAN_OPEN_DOORS",
      "PATH_AVOID_DANGER_1",
      "POISON",
      "ACIDPROOF",
      "ACID_BLOOD",
      "NO_BREATHE",
      "REVIVES",
      "PUSH_MON",
      "FILTHY"
    ]
  },
  {
    "id": "mon_zombie_spitter",
    "type": "MONSTER",
    "name": { "str": "spitter zombie" },
    "description": "A hunched human body with its eyes pushed up into its forehead and drooping cheeks, most of its face is occupied by a puckered mouth.  Its stomach is swollen and nearly translucent, with a sickly yellow tint.",
    "default_faction": "zombie",
    "bodytype": "human",
    "species": [ "ZOMBIE", "HUMAN" ],
    "diff": 10,
    "volume": "62500 ml",
    "weight": "81500 g",
    "hp": 70,
    "speed": 95,
    "material": [ "flesh" ],
    "symbol": "Z",
    "color": "yellow_green",
    "aggression": 100,
    "morale": 100,
    "melee_skill": 3,
    "melee_dice": 2,
    "melee_dice_sides": 6,
    "melee_cut": 0,
    "dodge": 1,
    "vision_day": 10,
    "vision_night": 15,
    "harvest": "zombie",
    "special_attacks": [ [ "UPGRADE", 1 ], [ "RESURRECT", 1 ], [ "ACID", 20 ] ],
    "death_drops": "default_zombie_death_drops",
    "death_function": [ "ACID", "NORMAL" ],
    "burn_into": "mon_zombie_scorched",
    "upgrades": { "half_life": 28, "into": "mon_zombie_corrosive" },
    "flags": [
      "SEES", "HEARS",
      "GOODHEARING",
      "KEENNOSE",
      "CLIMBS",
      "SMELLS",
      "STUMBLES",
      "WARM",
      "BASHES",
      "GROUP_BASH",
      "CAN_OPEN_DOORS",
      "PATH_AVOID_DANGER_1",
      "POISON",
      "ACIDPROOF",
      "ACID_BLOOD",
      "NO_BREATHE",
      "REVIVES",
      "PUSH_MON",
      "FILTHY"
    ]
  },
  {
    "id": "mon_zombie_wretched",
    "type": "MONSTER",
    "name": { "str": "wretched puker" },
    "description": "A degenerate corpse, shambling as it walks.  Several junks and waste materials have unified into its skin and wounds around it reeks in black goo.",
    "default_faction": "zombie",
    "bodytype": "human",
    "species": [ "ZOMBIE", "HUMAN" ],
    "diff": 2,
    "volume": "62500 ml",
    "//": "Higher weight from attached junks.",
    "weight": "84500 g",
    "hp": 55,
    "speed": 65,
    "material": [ "flesh" ],
    "symbol": "Z",
    "looks_like": "mon_zombie_acidic",
    "color": "dark_gray_yellow",
    "aggression": 100,
    "morale": 100,
    "melee_skill": 2,
    "melee_dice": 2,
    "melee_dice_sides": 2,
    "melee_cut": 1,
    "vision_day": 10,
    "harvest": "zombie",
    "special_attacks": [ [ "UPGRADE", 1 ], [ "RESURRECT", 1 ], [ "ACID_BARF", 22 ] ],
    "death_drops": "default_zombie_death_drops",
    "death_function": [ "ACID", "NORMAL" ],
    "burn_into": "mon_zombie_scorched",
    "upgrades": { "half_life": 8, "into": "mon_zombie_acidic" },
    "flags": [
      "SEES", "HEARS",
      "GOODHEARING",
      "KEENNOSE",
      "CLIMBS",
      "SMELLS",
      "STUMBLES",
      "WARM",
      "BASHES",
      "GROUP_BASH",
      "CAN_OPEN_DOORS",
      "PATH_AVOID_DANGER_1",
      "POISON",
      "ACIDPROOF",
      "ACID_BLOOD",
      "NO_BREATHE",
      "REVIVES",
      "PUSH_MON",
      "FILTHY"
    ]
  }
]
