[
  {
    "id": "mon_zombie_brute_shocker",
    "type": "MONSTER",
    "name": { "str": "shocker brute" },
    "description": "A huge beast covered in visible scarring from what you can only guess was 'research'.  Being near it, you can hear a slight humming, like that of an electrical transformer.",
    "default_faction": "zombie",
    "bodytype": "human",
    "species": [ "ZOMBIE", "HUMAN" ],
    "diff": 10,
    "volume": "62500 ml",
    "weight": "81500 g",
    "hp": 275,
    "speed": 110,
    "material": [ "flesh" ],
    "symbol": "Z",
    "color": "white_cyan",
    "aggression": 100,
    "morale": 100,
    "melee_skill": 3,
    "melee_dice": 3,
    "melee_dice_sides": 4,
    "melee_damage": [ { "damage_type": "electric", "amount": 4 } ],
    "melee_cut": 2,
    "armor_bash": 3,
    "armor_cut": 8,
    "armor_bullet": 6,
    "vision_night": 15,
    "luminance": 32,
    "vision_day": 10,
    "harvest": "CBM_SUBS",
    "special_attacks": [ [ "UPGRADE", 1 ], [ "RESURRECT", 1 ], [ "SHOCKSTORM", 15 ], [ "SMASH", 30 ] ],
    "special_when_hit": [ "ZAPBACK", 75 ],
    "death_drops": "default_zombie_death_drops",
    "death_function": [ "NORMAL" ],
    "flags": [
      "SEES", "HEARS",
      "GOODHEARING",
      "KEENNOSE",
      "CLIMBS",
      "SMELLS",
      "STUMBLES",
      "WARM",
      "BASHES",
      "GROUP_BASH",
      "CAN_OPEN_DOORS",
      "PATH_AVOID_DANGER_1",
      "POISON",
      "ELECTRIC",
      "NO_BREATHE",
      "REVIVES",
      "FILTHY"
    ]
  },
  {
    "id": "mon_zombie_electric",
    "type": "MONSTER",
    "name": { "str": "shocker zombie" },
    "description": "A human body with pale blue flesh, crackling with electrical energy.",
    "default_faction": "zombie",
    "bodytype": "human",
    "species": [ "ZOMBIE", "HUMAN" ],
    "diff": 10,
    "volume": "62500 ml",
    "weight": "81500 g",
    "hp": 85,
    "speed": 105,
    "material": [ "flesh" ],
    "symbol": "Z",
    "color": "light_cyan",
    "aggression": 100,
    "morale": 100,
    "melee_skill": 4,
    "melee_dice": 1,
    "melee_dice_sides": 3,
    "melee_damage": [ { "damage_type": "electric", "amount": 8 } ],
    "melee_cut": 0,
    "dodge": 2,
    "luminance": 16,
    "vision_day": 10,
    "harvest": "CBM_CIV",
    "special_attacks": [ [ "UPGRADE", 1 ], [ "RESURRECT", 1 ], [ "SHOCKSTORM", 25 ] ],
    "special_when_hit": [ "ZAPBACK", 100 ],
    "death_drops": "default_zombie_death_drops",
    "death_function": [ "NORMAL" ],
    "upgrades": { "half_life": 28, "into_group": "GROUP_ZOMBIE_ELECTRIC_UPGRADE" },
    "flags": [
      "SEES", "HEARS",
      "GOODHEARING",
      "KEENNOSE",
      "CLIMBS",
      "SMELLS",
      "STUMBLES",
      "WARM",
      "BASHES",
      "GROUP_BASH",
      "CAN_OPEN_DOORS",
      "PATH_AVOID_DANGER_1",
      "POISON",
      "ELECTRIC",
      "NO_BREATHE",
      "REVIVES",
      "PUSH_MON",
      "FILTHY"
    ]
  },
  {
    "id": "mon_zombie_nullfield",
    "type": "MONSTER",
    "name": { "str": "incandescent husk" },
    "description": "This once-human is visible only as a glowing white silhouette that you have to squint to see, cloaked in a crackling field of lightning that pulses like a beating heart.  It walks slowly and deliberately, the thunderstorm surrounding it eagerly jumping to anything conductive within its grasp.",
    "default_faction": "zombie",
    "bodytype": "human",
    "species": [ "ZOMBIE", "HUMAN" ],
    "diff": 2,
    "volume": "62500 ml",
    "weight": "81500 g",
    "hp": 200,
    "speed": 50,
    "//": "slow walk speed - intimidating!",
    "material": [ "flesh" ],
    "symbol": "Z",
    "color": "i_cyan",
    "aggression": 100,
    "morale": 100,
    "melee_skill": 5,
    "melee_dice": 1,
    "melee_dice_sides": 2,
    "//2": "melee damage is quite weak since the shockfield around it is its most dangerous function",
    "melee_damage": [ { "damage_type": "electric", "amount": 6 } ],
    "vision_night": 15,
    "luminance": 32,
    "vision_day": 10,
    "harvest": "CBM_SUBS",
    "emit_fields": [ { "emit_id": "emit_shock_cloud", "delay": "1 s" } ],
    "special_when_hit": [ "ZAPBACK", 75 ],
    "death_drops": "default_zombie_death_drops",
    "death_function": [ "NORMAL" ],
    "flags": [ "SEES", "HEARS",
      "GOODHEARING",
      "KEENNOSE",
      "CLIMBS", "WARM", "POISON", "ELECTRIC", "NO_BREATHE", "GROUP_BASH", "CAN_OPEN_DOORS", "PATH_AVOID_DANGER_1", "REVIVES", "ELECTRIC_FIELD", "FILTHY" ]
  },
  {
    "id": "mon_zombie_static",
    "type": "MONSTER",
    "name": { "str": "zapper zombie" },
    "description": "A very pale dead body with the worst case of static hair you have ever seen.  Sometimes, you can see sparks of electricity around it.",
    "default_faction": "zombie",
    "bodytype": "human",
    "species": [ "ZOMBIE", "HUMAN" ],
    "volume": "62500 ml",
    "weight": "81500 g",
    "hp": 60,
    "speed": 75,
    "material": [ "flesh" ],
    "symbol": "Z",
    "color": "white",
    "aggression": 100,
    "morale": 100,
    "melee_skill": 4,
    "melee_dice": 1,
    "melee_dice_sides": 2,
    "melee_damage": [ { "damage_type": "electric", "amount": 4 } ],
    "melee_cut": 0,
    "dodge": 2,
    "luminance": 8,
    "vision_day": 10,
    "harvest": "CBM_BASIC",
    "special_when_hit": [ "ZAPBACK", 100 ],
    "death_drops": "default_zombie_death_drops",
    "death_function": [ "NORMAL" ],
    "upgrades": { "half_life": 8, "into": "mon_zombie_electric" },
    "flags": [
      "SEES", "HEARS",
      "GOODHEARING",
      "KEENNOSE",
      "CLIMBS",
      "SMELLS",
      "STUMBLES",
      "WARM",
      "BASHES",
      "GROUP_BASH",
      "CAN_OPEN_DOORS",
      "PATH_AVOID_DANGER_1",
      "POISON",
      "ELECTRIC",
      "NO_BREATHE",
      "REVIVES",
      "PUSH_MON",
      "FILTHY"
    ]
  }
]
