[
  {
    "id": "mon_zombie_anklebiter",
    "type": "MONSTER",
    "name": { "str": "anklebiter" },
    "description": "This horrifying little mutated wretch looks to have once been a child, but its massive gaping jaws are now far more suggestive of a predatory beast.",
    "default_faction": "zombie",
    "bodytype": "human",
    "species": [ "ZOMBIE" ],
    "volume": "30000 ml",
    "weight": "40750 g",
    "hp": 35,
    "speed": 105,
    "material": [ "flesh" ],
    "symbol": "z",
    "color": "brown",
    "aggression": 100,
    "morale": 100,
    "melee_skill": 4,
    "melee_dice": 2,
    "melee_dice_sides": 4,
    "melee_cut": 2,
    "dodge": 3,
    "harvest": "zombie",
    "vision_day": 10,
    "vision_night": 15,
    "special_attacks": [ [ "UPGRADE", 1 ], [ "RESURRECT", 1 ], { "type": "bite", "cooldown": 2 } ],
    "death_drops": { "subtype": "collection", "groups": [ [ "default_zombie_clothes", 100 ], [ "child_items", 65 ] ] },
    "death_function": [ "NORMAL" ],
    "burn_into": "mon_zombie_child_scorched",
    "fungalize_into": "mon_zombie_child_fungus",
    "flags": [ "SEES", "HEARS",
      "GOODHEARING",
      "KEENNOSE",
      "CLIMBS", "SMELLS", "STUMBLES", "WARM", "BASHES", "GROUP_BASH", "CAN_OPEN_DOORS", "PATH_AVOID_DANGER_1", "BLEED", "POISON", "NO_BREATHE", "REVIVES", "FILTHY" ],
    "//": "no GUILT because it no longer looks enough like a child to evoke pity"
  },
  {
    "id": "mon_zombie_child",
    "type": "MONSTER",
    "name": { "str": "zombie child", "str_pl": "zombie children" },
    "description": "It was only a child, and little is different about it now aside from the hungry look in its eyes.  You'd be hard pressed to not feel like you were killing an actual child by putting it down.",
    "default_faction": "zombie",
    "bodytype": "human",
    "categories": [ "CLASSIC" ],
    "species": [ "ZOMBIE" ],
    "volume": "30000 ml",
    "weight": "40750 g",
    "hp": 40,
    "speed": 65,
    "material": [ "flesh" ],
    "symbol": "z",
    "color": "light_green",
    "aggression": 60,
    "morale": 100,
    "melee_skill": 2,
    "melee_dice": 2,
    "melee_dice_sides": 4,
    "melee_cut": 2,
    "dodge": 2,
    "vision_day": 10,
    "vision_night": 15,
    "harvest": "zombie",
    "special_attacks": [ [ "UPGRADE", 1 ], [ "RESURRECT", 1 ], [ "scratch", 15 ] ],
    "death_drops": {
      "subtype": "collection",
      "groups": [ [ "default_zombie_children_clothes", 100 ], [ "child_items", 65 ] ],
      "//": "default zombie children clothing (always), additional items from child_items (sometimes)"
    },
    "death_function": [ "NORMAL" ],
    "burn_into": "mon_zombie_child_scorched",
    "fungalize_into": "mon_zombie_child_fungus",
    "upgrades": { "half_life": 14, "into_group": "GROUP_CHILD_ZOMBIE_UPGRADE" },
    "flags": [
      "SEES", "HEARS",
      "GOODHEARING",
      "KEENNOSE",
      "CLIMBS",
      "SMELLS",
      "STUMBLES",
      "WARM",
      "BASHES",
      "GROUP_BASH", 
      "CAN_OPEN_DOORS", 
      "PATH_AVOID_DANGER_1",
      "BLEED",
      "POISON",
      "GUILT",
      "NO_BREATHE",
      "REVIVES",
      "FILTHY"
    ]
  },
  {
    "id": "mon_zombie_creepy",
    "type": "MONSTER",
    "name": { "str": "creepy crawler" },
    "description": "What was once a child is now a mutant beast with blackened skin and massive eyes.  This abomination's vile form makes mockery of its human origin.",
    "default_faction": "zombie",
    "bodytype": "human",
    "species": [ "ZOMBIE" ],
    "volume": "30000 ml",
    "weight": "40750 g",
    "hp": 25,
    "speed": 55,
    "material": [ "flesh" ],
    "symbol": "z",
    "color": "dark_gray",
    "aggression": 80,
    "morale": 100,
    "melee_skill": 2,
    "melee_dice": 2,
    "melee_dice_sides": 2,
    "melee_cut": 1,
    "dodge": 1,
    "vision_day": 10,
    "vision_night": 10,
    "harvest": "zombie",
    "special_attacks": [ [ "UPGRADE", 1 ], [ "RESURRECT", 1 ], [ "SHRIEK", 5 ] ],
    "death_drops": { "subtype": "collection", "groups": [ [ "default_zombie_clothes", 100 ], [ "child_items", 65 ] ] },
    "death_function": [ "NORMAL" ],
    "burn_into": "mon_zombie_child_scorched",
    "fungalize_into": "mon_zombie_child_fungus",
    "flags": [
      "SEES", "HEARS",
      "GOODHEARING",
      "KEENNOSE",
      "CLIMBS",
      "SMELLS",
      "STUMBLES",
      "WARM",
      "BLEED",
      "BASHES",
      "GROUP_BASH", 
      "CAN_OPEN_DOORS", 
      "PATH_AVOID_DANGER_1",
      "POISON",
      "NO_BREATHE",
      "REVIVES",
      "CLIMBS",
      "FILTHY"
    ],
    "//": "no GUILT because it no longer looks enough like a child to evoke pity"
  },
  {
    "id": "mon_zombie_shriekling",
    "type": "MONSTER",
    "name": { "str": "shriekling" },
    "description": "This heavily mutated child zombie twitches and flails its limbs in painful looking spasms as it runs about.",
    "default_faction": "zombie",
    "bodytype": "human",
    "species": [ "ZOMBIE" ],
    "diff": 2,
    "volume": "30000 ml",
    "weight": "40750 g",
    "hp": 20,
    "speed": 95,
    "material": [ "flesh" ],
    "symbol": "z",
    "color": "magenta",
    "aggression": 100,
    "morale": 100,
    "melee_skill": 2,
    "melee_dice": 2,
    "melee_dice_sides": 2,
    "melee_cut": 1,
    "dodge": 1,
    "vision_day": 10,
    "vision_night": 5,
    "harvest": "zombie",
    "special_attacks": [ [ "UPGRADE", 1 ], [ "RESURRECT", 1 ], [ "SHRIEK", 5 ], [ "scratch", 15 ] ],
    "death_drops": { "subtype": "collection", "groups": [ [ "default_zombie_clothes", 100 ], [ "child_items", 65 ] ] },
    "death_function": [ "NORMAL" ],
    "burn_into": "mon_zombie_child_scorched",
    "fungalize_into": "mon_zombie_child_fungus",
    "flags": [
      "SEES", "HEARS",
      "GOODHEARING",
      "KEENNOSE",
      "CLIMBS",
      "SMELLS",
      "STUMBLES",
      "WARM",
      "BLEED",
      "GUILT",
      "BASHES",
      "GROUP_BASH", 
      "CAN_OPEN_DOORS", 
      "PATH_AVOID_DANGER_1",
      "POISON",
      "NO_BREATHE",
      "REVIVES",
      "FILTHY"
    ],
    "//": "GUILT because it still looks enough like a child to evoke pity"
  },
  {
    "id": "mon_zombie_snotgobbler",
    "type": "MONSTER",
    "name": { "str": "snotgobbler" },
    "description": "This swollen, gooey looking mutant child looks bad, even for a zombie.  Maybe that's why it seems to want a hug so badly.",
    "default_faction": "zombie",
    "bodytype": "human",
    "species": [ "ZOMBIE" ],
    "volume": "30000 ml",
    "weight": "40750 g",
    "hp": 25,
    "speed": 65,
    "material": [ "flesh" ],
    "symbol": "z",
    "color": "pink",
    "aggression": 100,
    "morale": 100,
    "melee_skill": 4,
    "melee_dice": 2,
    "melee_dice_sides": 4,
    "melee_cut": 2,
    "dodge": 1,
    "armor_bash": 1,
    "vision_day": 10,
    "vision_night": 5,
    "harvest": "zombie",
    "special_attacks": [ [ "UPGRADE", 1 ], [ "RESURRECT", 1 ], [ "GRAB", 5 ] ],
    "death_drops": { "subtype": "collection", "groups": [ [ "default_zombie_clothes", 100 ], [ "child_items", 65 ] ] },
    "death_function": [ "BOOMER" ],
    "burn_into": "mon_zombie_child_scorched",
    "fungalize_into": "mon_zombie_child_fungus",
    "flags": [ "SEES", "HEARS",
      "GOODHEARING",
      "KEENNOSE",
      "CLIMBS", "STUMBLES", "WARM", "BLEED", "GUILT", "POISON", "GROUP_BASH", "CAN_OPEN_DOORS", "PATH_AVOID_DANGER_1", "NO_BREATHE", "REVIVES", "FILTHY" ],
    "//": "GUILT because it still looks enough like a child to evoke pity"
  },
  {
    "id": "mon_zombie_sproglodyte",
    "type": "MONSTER",
    "name": { "str": "sproglodyte" },
    "description": "This crouching child-mutant's face is dominated by a pair of huge black eyes and its fingertips end in sharp claws.",
    "default_faction": "zombie",
    "bodytype": "human",
    "species": [ "ZOMBIE" ],
    "volume": "30000 ml",
    "weight": "40750 g",
    "hp": 30,
    "speed": 85,
    "material": [ "flesh" ],
    "symbol": "z",
    "color": "light_gray",
    "aggression": 100,
    "morale": 100,
    "melee_skill": 3,
    "melee_dice": 2,
    "melee_dice_sides": 4,
    "melee_cut": 3,
    "dodge": 2,
    "vision_day": 10,
    "vision_night": 10,
    "harvest": "zombie",
    "special_attacks": [ [ "UPGRADE", 1 ], [ "RESURRECT", 1 ], [ "scratch", 10 ], { "type": "leap", "cooldown": 10, "max_range": 5 } ],
    "death_drops": { "subtype": "collection", "groups": [ [ "default_zombie_clothes", 100 ], [ "child_items", 65 ] ] },
    "death_function": [ "NORMAL" ],
    "burn_into": "mon_zombie_child_scorched",
    "fungalize_into": "mon_zombie_child_fungus",
    "flags": [
      "SEES", "HEARS",
      "GOODHEARING",
      "KEENNOSE",
      "CLIMBS",
      "SMELLS",
      "STUMBLES",
      "WARM",
      "BLEED",
      "BASHES",
      "GROUP_BASH",
      "CAN_OPEN_DOORS",
      "PATH_AVOID_DANGER_1",
      "POISON",
      "NO_BREATHE",
      "REVIVES",
      "CLIMBS",
      "FILTHY"
    ],
    "//": "no GUILT because it no longer looks enough like a child to evoke pity"
  },
  {
    "id": "mon_zombie_waif",
    "type": "MONSTER",
    "name": { "str": "howling waif" },
    "description": "Undeath has not been kind to the children of the apocalypse.  This one is little more than a reanimated membrane of skin stretched across tiny brittle bones.",
    "default_faction": "zombie",
    "bodytype": "human",
    "species": [ "ZOMBIE" ],
    "diff": 2,
    "volume": "30000 ml",
    "weight": "40750 g",
    "hp": 15,
    "speed": 65,
    "material": [ "bone" ],
    "symbol": "z",
    "color": "white",
    "aggression": 80,
    "morale": 100,
    "melee_skill": 2,
    "melee_dice": 2,
    "melee_dice_sides": 2,
    "melee_cut": 1,
    "dodge": 2,
    "armor_cut": 5,
    "armor_bullet": 4,
    "vision_day": 10,
    "vision_night": 5,
    "harvest": "zombie",
    "special_attacks": [ [ "UPGRADE", 1 ], [ "RESURRECT", 1 ], [ "SHRIEK", 15 ], [ "scratch", 10 ] ],
    "death_drops": { "subtype": "collection", "groups": [ [ "default_zombie_clothes", 100 ], [ "child_items", 65 ] ] },
    "death_function": [ "NORMAL" ],
    "burn_into": "mon_zombie_child_scorched",
    "fungalize_into": "mon_zombie_child_fungus",
    "flags": [
      "SEES", "HEARS",
      "GOODHEARING",
      "KEENNOSE",
      "CLIMBS",
      "SMELLS",
      "STUMBLES",
      "GROUP_BASH", 
      "CAN_OPEN_DOORS", 
      "PATH_AVOID_DANGER_1",
      "WARM",
      "BLEED",
      "GUILT",
      "POISON",
      "NO_BREATHE",
      "REVIVES",
      "HARDTOSHOOT",
      "FILTHY"
    ],
    "//": "GUILT because it still looks enough like a child to evoke pity"
  }
]
