[
  {
    "id": "mon_skeleton",
    "type": "MONSTER",
    "name": { "str": "skeleton" },
    "description": "A monstrous overgrowth of ossified tissue has replaced this zombie's rotting skin with an organic armor of dense bone.  Large clumps of black goo seep from its joints as it shambles aimlessly, with sickening crackling sounds filling the air around it.",
    "default_faction": "zombie",
    "bodytype": "human",
    "species": [ "ZOMBIE", "HUMAN" ],
    "volume": "62500 ml",
    "weight": "81500 g",
    "hp": 30,
    "speed": 60,
    "material": [ "bone" ],
    "symbol": "Z",
    "color": "white",
    "aggression": 100,
    "morale": 100,
    "melee_skill": 4,
    "melee_dice": 3,
    "melee_dice_sides": 6,
    "melee_cut": 4,
    "dodge": 2,
    "armor_cut": 15,
    "armor_bullet": 12,
    "armor_stab": 30,
    "armor_acid": 3,
    "vision_day": 10,
    "vision_night": 15,
    "harvest": "mr_bones",
    "special_attacks": [ [ "UPGRADE", 1 ], [ "RESURRECT", 1 ], [ "scratch", 10 ], { "type": "bite", "cooldown": 5 } ],
    "upgrades": { "half_life": 15, "into": "mon_skeleton_brute" },
    "death_drops": "default_zombie_clothes",
    "death_function": [ "NORMAL" ],
    "flags": [ "SEES", "HEARS",
      "GOODHEARING",
      "KEENNOSE",
      "CLIMBS", "BLEED", "HARDTOSHOOT", "REVIVES", "NO_BREATHE", "POISON", "FILTHY" ]
  },
  {
    "//": "Skelly brute gaps the evolution between normal and the juggernaut.",
    "id": "mon_skeleton_brute",
    "type": "MONSTER",
    "name": { "str": "skeletal brute" },
    "description": "Distorted outgrowths of calcified bone plates cover this zombie's rotten skin.  Joints and cracks around its body ooze with black goo.",
    "default_faction": "zombie",
    "bodytype": "human",
    "species": [ "ZOMBIE", "HUMAN" ],
    "volume": "92500 ml",
    "weight": "120 kg",
    "hp": 175,
    "speed": 60,
    "material": [ "bone" ],
    "symbol": "Z",
    "color": "white",
    "aggression": 100,
    "morale": 100,
    "melee_skill": 4,
    "melee_dice": 2,
    "melee_dice_sides": 8,
    "melee_cut": 10,
    "dodge": 1,
    "armor_cut": 30,
    "armor_bullet": 24,
    "armor_bash": 12,
    "armor_acid": 1,
    "vision_day": 10,
    "vision_night": 15,
    "harvest": "mr_bones",
    "special_attacks": [ [ "UPGRADE", 1 ], [ "RESURRECT", 1 ],
      [ "SMASH", 45 ],
      { "id": "scratch", "damage_max_instance": [ { "damage_type": "cut", "amount": 15, "armor_multiplier": 0.6 } ] }
    ],
    "upgrades": { "half_life": 12, "into": "mon_skeleton_hulk" },
    "death_drops": "default_zombie_clothes",
    "death_function": [ "NORMAL" ],
    "flags": [ "SEES", "HEARS",
      "GOODHEARING",
      "KEENNOSE",
      "CLIMBS", "BLEED", "HARDTOSHOOT", "REVIVES", "NO_BREATHE", "POISON", "FILTHY" ]
  },
  {
    "id": "mon_skeleton_electric",
    "type": "MONSTER",
    "name": { "str": "skeletal shocker" },
    "description": "Heavy, jagged bone plates have grown out of the surface of this zombie.  Underneath, its flesh glows and crackles with the occasional jolt of electricity.",
    "default_faction": "zombie",
    "bodytype": "human",
    "species": [ "ZOMBIE", "HUMAN" ],
    "diff": 15,
    "volume": "62500 ml",
    "weight": "81500 g",
    "hp": 105,
    "speed": 90,
    "material": [ "bone" ],
    "symbol": "Z",
    "color": "blue_white",
    "aggression": 100,
    "morale": 100,
    "melee_skill": 4,
    "melee_dice": 2,
    "melee_dice_sides": 3,
    "melee_cut": 3,
    "dodge": 2,
    "luminance": 8,
    "armor_cut": 15,
    "armor_bullet": 12,
    "armor_stab": 30,
    "armor_acid": 3,
    "vision_day": 10,
    "vision_night": 15,
    "harvest": "CBM_CIV",
    "special_attacks": [ [ "UPGRADE", 1 ], [ "RESURRECT", 1 ], [ "scratch", 10 ], { "type": "bite", "cooldown": 5 }, [ "SHOCKSTORM", 25 ] ],
    "death_drops": "default_zombie_clothes",
    "death_function": [ "NORMAL" ],
    "flags": [ "SEES", "HEARS",
      "GOODHEARING",
      "KEENNOSE",
      "CLIMBS", "BLEED", "GROUP_BASH", "CAN_OPEN_DOORS", "PATH_AVOID_DANGER_1", "ELECTRIC", "REVIVES", "NO_BREATHE", "POISON", "FILTHY" ]
  },
  {
    "id": "mon_skeleton_hulk",
    "type": "MONSTER",
    "name": { "str": "skeletal juggernaut" },
    "description": "This hideous golem of plated bones and misshapen flesh drags its heavy, pointed limbs behind it like an unwanted burden.  Formerly soft and vulnerable, bones grew around its form to protect it - only, they kept growing.  And growing.  And growing.",
    "default_faction": "zombie",
    "bodytype": "human",
    "species": [ "ZOMBIE" ],
    "diff": 5,
    "volume": "875000 ml",
    "weight": "200 kg",
    "hp": 480,
    "speed": 60,
    "material": [ "bone" ],
    "symbol": "Z",
    "color": "white",
    "aggression": 100,
    "morale": 100,
    "melee_skill": 5,
    "melee_dice": 3,
    "melee_dice_sides": 6,
    "melee_cut": 15,
    "armor_bash": 20,
    "armor_cut": 45,
    "armor_bullet": 36,
    "vision_day": 10,
    "vision_night": 15,
    "harvest": "mr_bones",
    "special_attacks": [ [ "UPGRADE", 1 ], [ "RESURRECT", 1 ],
      [ "SMASH", 20 ],
      [ "STRETCH_ATTACK", 20 ],
      [ "LONGSWIPE", 20 ],
      { "id": "scratch", "damage_max_instance": [ { "damage_type": "cut", "amount": 23, "armor_multiplier": 0.8 } ] }
    ],
    "death_drops": "mon_zombie_hulk_death_drops",
    "death_function": [ "NORMAL" ],
    "burn_into": "mon_zombie_fiend",
    "flags": [
      "SEES", "HEARS",
      "GOODHEARING",
      "KEENNOSE",
      "CLIMBS",
      "STUMBLES",
      "WARM",
      "BASHES", 
      "GROUP_BASH", 
      "CAN_OPEN_DOORS", 
      "PATH_AVOID_DANGER_1",
      "DESTROYS",
      "BLEED",
      "POISON",
      "ATTACKMON",
      "NO_BREATHE",
      "REVIVES",
      "PUSH_MON",
      "PUSH_VEH",
      "HARDTOSHOOT",
      "FILTHY"
    ]
  }
]
